Package ID,Package Name,Country,Cities Covered,Duration,Hotel Category,Meals,Transportation,Major Attractions,Activities,Package Type,Best For,Rating,Estimated Cost
AUS001,Australia Budget Explorer,Australia,"Sydney, Melbourne",8D/7N,3-Star Hotel,Breakfast,"Airport Transfer, Domestic Flight, Shared Coach","Sydney Opera House, Harbour Bridge, Bondi Beach, Blue Mountains, Great Ocean Road, Twelve Apostles","City Tour, Beach Visit, Shopping",Budget,"Students, Solo Travelers",4.4,110000
AUS002,Australia Family Holiday,Australia,"Sydney, Gold Coast",9D/8N,4-Star Hotel,Breakfast + Dinner,Private Transfers,"Sydney Opera House, Sea World, Movie World, Dreamworld, Harbour Cruise","Theme Parks, Wildlife Park, Family Activities",Family,Families,4.7,155000
AUS003,Australia Honeymoon Escape,Australia,"Sydney, Hamilton Island",8D/7N,5-Star Resort,Breakfast + Romantic Dinner,Private Luxury Transfers,"Whitehaven Beach, Sydney Harbour, Hamilton Island","Sunset Cruise, Couples Spa, Helicopter Ride",Honeymoon,Couples,4.9,240000
AUS004,Australia Adventure Expedition,Australia,"Cairns, Gold Coast",10D/9N,4-Star Hotel,Breakfast,Domestic Flights,"Great Barrier Reef, Daintree Rainforest, Gold Coast","Scuba Diving, Skydiving, Bungee Jumping, ATV Ride, Jet Boat Ride",Adventure,Adventure Lovers,4.8,195000
AUS005,Australia Luxury Escape,Australia,"Sydney, Melbourne, Cairns",12D/11N,5-Star Luxury Hotel,All Meals,"Business Class Flights, Private Transfers","Great Barrier Reef, Sydney Opera House, Melbourne CBD","Private Yacht, Helicopter Tour, Fine Dining, Luxury Shopping",Luxury,Premium Travelers,5,410000
AUS006,Australia Cultural Heritage Tour,Australia,"Sydney, Canberra",8D/7N,4-Star Hotel,Breakfast,Private Coach,"Parliament House, National Museum, Australian War Memorial, Aboriginal Cultural Centre","Museum Tour, Cultural Walks",Cultural,History Enthusiasts,4.6,135000
AUS007,Australia Nature Explorer,Australia,"Cairns, Tasmania",9D/8N,4-Star Eco Resort,Breakfast,Domestic Flights,"Great Barrier Reef, Daintree Rainforest, Cradle Mountain National Park","Hiking, Wildlife Safari, Penguin Watching",Nature & Wildlife,Nature Lovers,4.8,185000
AUS008,Ultimate Australia Grand Tour,Australia,"Sydney, Melbourne, Gold Coast, Cairns, Canberra",15D/14N,5-Star Hotel,Breakfast + Dinner,"Domestic Flights, Luxury Coach","Sydney Opera House, Bondi Beach, Blue Mountains, Great Ocean Road, Great Barrier Reef, Parliament House","City Tours, Cruises, Shopping, Wildlife Encounters, Adventure Activities",Grand Tour,All Travelers,5,475000
BRA001,Brazil Budget Explorer,Brazil,"Rio de Janeiro, S?o Paulo",8D/7N,3-Star Hotel,Breakfast,"Airport Transfers, Domestic Flight, Shared Coach","Christ the Redeemer, Copacabana Beach, Sugarloaf Mountain, Paulista Avenue","Beach Walks, City Tour, Shopping",Budget,"Students, Solo Travelers",4.4,115000
BRA002,Brazil Family Adventure,Brazil,"Rio de Janeiro, Iguazu Falls",9D/8N,4-Star Hotel,Breakfast + Dinner,"Private Transfers, Domestic Flight","Christ the Redeemer, Sugarloaf Mountain, Iguazu Falls National Park","Boat Ride, Wildlife Safari, Family Excursions",Family,Families,4.7,165000
BRA003,Brazil Romantic Escape,Brazil,"Rio de Janeiro, B�zios",8D/7N,5-Star Beach Resort,Breakfast + Romantic Dinner,Private Luxury Transfers,"Copacabana Beach, Sugarloaf Mountain, Ferradura Beach","Sunset Cruise, Spa, Beach Relaxation",Honeymoon,Couples,4.9,245000
BRA004,Brazil Adventure Expedition,Brazil,"Manaus, Amazon Rainforest",10D/9N,Jungle Lodge,Breakfast + Lunch + Dinner,"Domestic Flights, River Boat","Amazon Rainforest, Meeting of Waters, Anavilhanas Archipelago","Jungle Trekking, Canoeing, Wildlife Safari, Fishing",Adventure,Adventure Lovers,4.8,215000
BRA005,Brazil Luxury Escape,Brazil,"Rio de Janeiro, S?o Paulo, Fernando de Noronha",12D/11N,5-Star Luxury Hotels,All Meals,"Business Class Flights, Private Transfers","Christ the Redeemer, Sugarloaf Mountain, Fernando de Noronha Beaches","Private Yacht, Helicopter Tour, Fine Dining",Luxury,Premium Travelers,5,425000
BRA006,Brazil Cultural Heritage Tour,Brazil,"Salvador, Rio de Janeiro",8D/7N,4-Star Hotel,Breakfast,Private Coach,"Pelourinho Historic Centre, Lacerda Elevator, Christ the Redeemer","Cultural Walks, Museum Visits, Samba Show",Cultural,History Enthusiasts,4.6,145000
BRA007,Brazil Nature & Wildlife Explorer,Brazil,"Pantanal, Bonito",9D/8N,Eco Lodge,Breakfast + Dinner,"Domestic Flights, Shared Transfers","Pantanal Wetlands, Blue Lake Cave, Rio da Prata","Bird Watching, Snorkeling, Wildlife Safari, Nature Trails",Nature & Wildlife,Nature Lovers,4.8,195000
BRA008,Ultimate Brazil Grand Tour,Brazil,"Rio de Janeiro, S?o Paulo, Iguazu Falls, Salvador, Manaus",15D/14N,5-Star Hotels,Breakfast + Dinner,"Domestic Flights, Luxury Coach, Private Transfers","Christ the Redeemer, Sugarloaf Mountain, Copacabana Beach, Iguazu Falls, Amazon Rainforest, Pelourinho","City Tours, Jungle Safari, Beach Excursions, Cultural Shows, Shopping",Grand Tour,All Travelers,5,485000
CAM001,Cambodia Budget Explorer,Cambodia,"Phnom Penh, Siem Reap",5D/4N,3-Star Hotel,Breakfast,"Airport Transfers, Shared Coach","Angkor Wat, Royal Palace, National Museum, Pub Street","Temple Tours, Local Markets, Cultural Walks",Budget,"Students, Solo Travelers",4.4,35000
CAM002,Cambodia Family Discovery,Cambodia,"Siem Reap, Phnom Penh",6D/5N,4-Star Hotel,Breakfast + Dinner,Private Transfers,"Angkor Thom, Bayon Temple, Royal Palace, Tonl� Sap Lake","Family Sightseeing, Boat Cruise, Cultural Shows",Family,Families,4.7,55000
CAM003,Cambodia Romantic Escape,Cambodia,"Siem Reap, Koh Rong",6D/5N,5-Star Resort,Breakfast + Romantic Dinner,"Private Transfers, Domestic Flight","Angkor Wat, Koh Rong Beaches, Sunset Point","Beach Relaxation, Spa, Sunset Cruise",Honeymoon,Couples,4.9,95000
CAM004,Cambodia Adventure Expedition,Cambodia,"Mondulkiri, Siem Reap",7D/6N,Eco Lodge,Breakfast + Lunch,Domestic Transfers,"Mondulkiri Forests, Elephant Valley Project, Angkor Archaeological Park","Jungle Trekking, Wildlife Encounters, Hiking",Adventure,Adventure Lovers,4.8,78000
CAM005,Cambodia Luxury Escape,Cambodia,"Phnom Penh, Siem Reap, Koh Rong",9D/8N,5-Star Luxury Resort,All Meals,"Private Luxury Transfers, Domestic Flight","Angkor Wat, Royal Palace, Koh Rong Island","Luxury Spa, Private Cruise, Fine Dining",Luxury,Premium Travelers,5,165000
CAM006,Cambodia Cultural Heritage Tour,Cambodia,"Phnom Penh, Siem Reap",7D/6N,4-Star Hotel,Breakfast,Private Coach,"Angkor Thom, Ta Prohm, Royal Palace, National Museum","Heritage Tours, Traditional Dance Show, Museum Visits",Cultural,History Enthusiasts,4.8,68000
CAM007,Cambodia Nature Explorer,Cambodia,"Cardamom Mountains, Tonl� Sap",7D/6N,Eco Resort,Breakfast + Dinner,Shared Transfers,"Cardamom National Park, Tonl� Sap Biosphere Reserve","Bird Watching, Kayaking, Nature Trails",Nature & Wildlife,Nature Lovers,4.7,72000
CAM008,Ultimate Cambodia Grand Tour,Cambodia,"Phnom Penh, Siem Reap, Battambang, Koh Rong",10D/9N,5-Star Hotel,Breakfast + Dinner,"Domestic Flight, Private Coach","Angkor Wat, Bayon Temple, Royal Palace, Bamboo Train, Koh Rong Beaches","Temple Tours, Island Excursions, Cultural Shows, Shopping",Grand Tour,All Travelers,5,185000
CAN001,Canada Budget Explorer,Canada,"Toronto, Ottawa",7D/6N,3-Star Hotel,Breakfast,"Airport Transfers, Intercity Coach","CN Tower, Parliament Hill, Rideau Canal, Distillery District","City Tours, Museum Visits, Shopping",Budget,"Students, Solo Travelers",4.4,125000
CAN002,Canada Family Adventure,Canada,"Toronto, Niagara Falls",8D/7N,4-Star Hotel,Breakfast + Dinner,Private Transfers,"Niagara Falls, CN Tower, Ripley's Aquarium, Journey Behind the Falls","Boat Cruise, Family Sightseeing, Aquarium Visit",Family,Families,4.8,175000
CAN003,Canada Romantic Escape,Canada,"Banff, Lake Louise",7D/6N,5-Star Mountain Resort,Breakfast + Romantic Dinner,Private Transfers,"Banff National Park, Lake Louise, Moraine Lake","Gondola Ride, Couples Spa, Scenic Picnic, Sunset Walk",Honeymoon,Couples,4.9,245000
CAN004,Canada Adventure Expedition,Canada,"Banff, Jasper",10D/9N,4-Star Lodge,Breakfast,"Rental SUV, Park Transfers","Icefields Parkway, Athabasca Glacier, Maligne Lake","Hiking, Glacier Walk, Canoeing, Wildlife Safari",Adventure,Adventure Lovers,4.8,215000
CAN005,Canada Luxury Escape,Canada,"Vancouver, Whistler, Victoria",10D/9N,5-Star Luxury Hotel,All Meals,"Private Luxury Transfers, Seaplane Transfer","Stanley Park, Butchart Gardens, Whistler Village","Private Yacht, Spa, Fine Dining, Helicopter Tour",Luxury,Premium Travelers,5,395000
CAN006,Canada Cultural Heritage Tour,Canada,"Qu�bec City, Montr�al",8D/7N,4-Star Hotel,Breakfast,Private Coach,"Old Qu�bec, Notre-Dame Basilica, Ch�teau Frontenac, Old Montr�al","Heritage Walks, Museum Tours, French Cuisine Experience",Cultural,History Enthusiasts,4.7,155000
CAN007,Canada Nature & Wildlife Explorer,Canada,"Churchill, Winnipeg",9D/8N,Eco Lodge,Breakfast + Dinner,"Domestic Flights, Shared Transfers","Wapusk National Park, Hudson Bay, Churchill Wildlife Area","Polar Bear Safari, Beluga Whale Watching, Northern Lights Viewing",Nature & Wildlife,Nature Lovers,4.9,275000
CAN008,Ultimate Canada Grand Tour,Canada,"Toronto, Ottawa, Montr�al, Qu�bec City, Banff, Vancouver",15D/14N,5-Star Hotels,Breakfast + Dinner,"Domestic Flights, Luxury Coach, Private Transfers","Niagara Falls, CN Tower, Banff National Park, Lake Louise, Stanley Park, Old Qu�bec","City Tours, Wildlife Viewing, Scenic Train Ride, Shopping, Adventure Activities",Grand Tour,All Travelers,5,495000
CHN001,China Budget Explorer,China,"Beijing, Shanghai",7D/6N,3-Star Hotel,Breakfast,"Airport Transfers, High-Speed Train","Great Wall of China, Forbidden City, The Bund, Yu Garden","City Tours, Shopping, Local Food Walk",Budget,"Students, Solo Travelers",4.5,95000
CHN002,China Family Discovery,China,"Beijing, Xi'an",8D/7N,4-Star Hotel,Breakfast + Dinner,"Private Transfers, High-Speed Train","Great Wall, Forbidden City, Terracotta Army, Bell Tower","Cultural Tours, Museum Visits, Family Activities",Family,Families,4.8,145000
CHN003,China Romantic Escape,China,"Shanghai, Hangzhou",7D/6N,5-Star Hotel,Breakfast + Romantic Dinner,Private Transfers,"West Lake, The Bund, Oriental Pearl Tower, Xintiandi","Sunset Cruise, Tea Plantation Visit, Spa",Honeymoon,Couples,4.9,195000
CHN004,China Adventure Expedition,China,"Zhangjiajie, Guilin",9D/8N,4-Star Hotel,Breakfast,"Domestic Flights, Private Coach","Zhangjiajie National Forest Park, Glass Bridge, Li River, Reed Flute Cave","Hiking, Cable Car Ride, River Cruise",Adventure,Adventure Lovers,4.8,185000
CHN005,China Luxury Escape,China,"Beijing, Shanghai, Hangzhou",10D/9N,5-Star Luxury Hotel,All Meals,"Business Class Domestic Flights, Private Transfers","Great Wall, Forbidden City, West Lake, The Bund","Private City Tours, Luxury Shopping, Fine Dining, Spa",Luxury,Premium Travelers,5,325000
CHN006,China Cultural Heritage Tour,China,"Beijing, Xi'an, Luoyang",9D/8N,4-Star Hotel,Breakfast,"High-Speed Train, Private Coach","Forbidden City, Temple of Heaven, Terracotta Army, Longmen Grottoes","Heritage Walks, Museum Tours, Traditional Performances",Cultural,History Enthusiasts,4.8,165000
CHN007,China Nature Explorer,China,"Jiuzhaigou, Huangshan",8D/7N,Eco Resort,Breakfast + Dinner,"Domestic Flights, Shared Transfers","Jiuzhaigou Valley, Huangshan (Yellow Mountain), Five Flower Lake","Hiking, Photography, Nature Trails",Nature & Wildlife,Nature Lovers,4.9,175000
CHN008,Ultimate China Grand Tour,China,"Beijing, Xi'an, Shanghai, Guilin, Zhangjiajie",15D/14N,5-Star Hotels,Breakfast + Dinner,"Domestic Flights, High-Speed Train, Private Transfers","Great Wall, Forbidden City, Terracotta Army, The Bund, Li River, Zhangjiajie National Forest Park","City Tours, River Cruise, Hiking, Cultural Shows, Shopping",Grand Tour,All Travelers,5,395000
FRA001,France Budget Explorer,France,"Paris, Lyon",6D/5N,3-Star Hotel,Breakfast,"Airport Transfers, High-Speed Train","Eiffel Tower, Louvre Museum, Notre-Dame Cathedral, Basilica of Notre-Dame de Fourvi�re","City Tours, Museum Visits, Shopping",Budget,"Students, Solo Travelers",4.5,120000
FRA002,France Family Discovery,France,"Paris, Disneyland Paris",7D/6N,4-Star Hotel,Breakfast + Dinner,Private Transfers,"Eiffel Tower, Disneyland Paris, Seine River, Arc de Triomphe","Theme Park Visits, River Cruise, Family Sightseeing",Family,Families,4.8,185000
FRA003,France Romantic Escape,France,"Paris, Nice",7D/6N,5-Star Hotel,Breakfast + Romantic Dinner,"Domestic Flight, Private Transfers","Eiffel Tower, Champs-�lys�es, Promenade des Anglais, French Riviera","Sunset Cruise, Wine Tasting, Spa, Fine Dining",Honeymoon,Couples,4.9,255000
FRA004,France Adventure Expedition,France,"Chamonix, Annecy",8D/7N,4-Star Mountain Lodge,Breakfast,Private Transfers,"Mont Blanc, Aiguille du Midi, Lake Annecy","Hiking, Cable Car Ride, Paragliding, Mountain Biking",Adventure,Adventure Lovers,4.8,225000
FRA005,France Luxury Escape,France,"Paris, Nice, Monaco",10D/9N,5-Star Luxury Hotel,All Meals,"Business Class Domestic Flights, Private Transfers","Eiffel Tower, Palace of Versailles, French Riviera, Monte Carlo","Private Yacht, Luxury Shopping, Michelin-Star Dining, Spa",Luxury,Premium Travelers,5,445000
FRA006,France Cultural Heritage Tour,France,"Paris, Strasbourg",8D/7N,4-Star Hotel,Breakfast,"High-Speed Train, Private Coach","Louvre Museum, Palace of Versailles, Strasbourg Cathedral, Montmartre","Heritage Walks, Museum Tours, Cultural Shows",Cultural,History Enthusiasts,4.8,175000
FRA007,France Nature Explorer,France,"Provence, Loire Valley",8D/7N,Eco Resort,Breakfast + Dinner,Private Coach,"Lavender Fields, Loire Valley Castles, Verdon Gorge","Nature Walks, Cycling, Photography, Vineyard Tours",Nature & Wildlife,Nature Lovers,4.7,195000
FRA008,Ultimate France Grand Tour,France,"Paris, Lyon, Nice, Strasbourg, Provence",14D/13N,5-Star Hotels,Breakfast + Dinner,"High-Speed Train, Domestic Flights, Private Transfers","Eiffel Tower, Louvre Museum, Palace of Versailles, French Riviera, Loire Valley, Provence Lavender Fields","City Tours, Wine Tasting, River Cruise, Shopping, Cultural Experiences",Grand Tour,All Travelers,5,495000
GER001,Germany Budget Explorer,Germany,"Berlin, Munich",6D/5N,3-Star Hotel,Breakfast,"Airport Transfers, High-Speed Train","Brandenburg Gate, Berlin Wall Memorial, Marienplatz, English Garden","City Tours, Museum Visits, Shopping",Budget,"Students, Solo Travelers",4.5,115000
GER002,Germany Family Discovery,Germany,"Munich, Stuttgart",7D/6N,4-Star Hotel,Breakfast + Dinner,Private Transfers,"BMW Museum, Mercedes-Benz Museum, Nymphenburg Palace, Munich Zoo","Museum Visits, Family Sightseeing, Cultural Experiences",Family,Families,4.8,175000
GER003,Germany Romantic Escape,Germany,"Munich, F�ssen",7D/6N,5-Star Hotel,Breakfast + Romantic Dinner,Private Transfers,"Neuschwanstein Castle, Marienplatz, Alpsee Lake","Castle Tour, Spa, Romantic Dinner Cruise, Scenic Drives",Honeymoon,Couples,4.9,245000
GER004,Germany Adventure Expedition,Germany,"Garmisch-Partenkirchen, Black Forest",8D/7N,Mountain Lodge,Breakfast,Private Coach,"Zugspitze, Black Forest, Triberg Waterfalls","Hiking, Cable Car Ride, Mountain Biking, Ziplining",Adventure,Adventure Lovers,4.8,210000
GER005,Germany Luxury Escape,Germany,"Berlin, Munich, Heidelberg",10D/9N,5-Star Luxury Hotel,All Meals,"Business Class Domestic Flights, Private Transfers","Brandenburg Gate, Heidelberg Castle, Neuschwanstein Castle","Luxury Shopping, Fine Dining, Private City Tours, Spa",Luxury,Premium Travelers,5,395000
GER006,Germany Cultural Heritage Tour,Germany,"Berlin, Dresden, Leipzig",8D/7N,4-Star Hotel,Breakfast,"High-Speed Train, Private Coach","Museum Island, Zwinger Palace, Frauenkirche, Leipzig Old Town","Heritage Walks, Museum Tours, Classical Music Concert",Cultural,History Enthusiasts,4.8,165000
GER007,Germany Nature Explorer,Germany,"Black Forest, Berchtesgaden",8D/7N,Eco Resort,Breakfast + Dinner,Private Transfers,"Black Forest National Park, K�nigssee, Eagle's Nest","Hiking, Boat Ride, Wildlife Watching, Nature Photography",Nature & Wildlife,Nature Lovers,4.7,185000
GER008,Ultimate Germany Grand Tour,Germany,"Berlin, Hamburg, Munich, Heidelberg, Black Forest",14D/13N,5-Star Hotels,Breakfast + Dinner,"High-Speed Train, Domestic Flights, Private Transfers","Brandenburg Gate, Miniatur Wunderland, Neuschwanstein Castle, Heidelberg Castle, Black Forest","City Tours, River Cruise, Cultural Shows, Shopping, Nature Excursions",Grand Tour,All Travelers,5,475000
GRE001,Greece Budget Explorer,Greece,"Athens, Thessaloniki",6D/5N,3-Star Hotel,Breakfast,"Airport Transfers, Intercity Bus","Acropolis, Parthenon, White Tower, Aristotelous Square","City Tours, Museum Visits, Local Market Shopping",Budget,"Students, Solo Travelers",4.5,85000
GRE002,Greece Family Discovery,Greece,"Athens, Crete",7D/6N,4-Star Hotel,Breakfast + Dinner,"Domestic Flight, Private Transfers","Knossos Palace, Acropolis Museum, Elafonissi Beach","Beach Activities, Historical Tours, Family Excursions",Family,Families,4.8,145000
GRE003,Greece Romantic Escape,Greece,"Santorini, Mykonos",7D/6N,5-Star Cliffside Resort,Breakfast + Romantic Dinner,"High-Speed Ferry, Private Transfers","Oia Village, Red Beach, Little Venice, Windmills","Sunset Cruise, Wine Tasting, Couples Spa, Fine Dining",Honeymoon,Couples,4.9,225000
GRE004,Greece Adventure Expedition,Greece,"Meteora, Crete",8D/7N,4-Star Hotel,Breakfast,"Rental Car, Private Transfers","Meteora Monasteries, Samaria Gorge, Balos Lagoon","Hiking, Rock Climbing, Gorge Trekking, Kayaking",Adventure,Adventure Lovers,4.8,175000
GRE005,Greece Luxury Escape,Greece,"Athens, Santorini, Mykonos",10D/9N,5-Star Luxury Resort,All Meals,"Domestic Flights, Luxury Yacht Transfers","Acropolis, Oia, Paradise Beach, Delos Island","Private Yacht Cruise, Helicopter Tour, Luxury Shopping, Spa",Luxury,Premium Travelers,5,365000
GRE006,Greece Cultural Heritage Tour,Greece,"Athens, Delphi, Olympia",8D/7N,4-Star Hotel,Breakfast,Private Coach,"Acropolis, Delphi Archaeological Site, Ancient Olympia, Temple of Zeus","Guided Heritage Tours, Museum Visits, Cultural Performances",Cultural,History Enthusiasts,4.8,155000
GRE007,Greece Nature Explorer,Greece,"Zakynthos, Corfu",8D/7N,Eco Resort,Breakfast + Dinner,"Ferry, Private Transfers","Navagio Beach, Blue Caves, Corfu Old Town","Snorkeling, Boat Tours, Nature Walks, Turtle Watching",Nature & Wildlife,Nature Lovers,4.8,165000
GRE008,Ultimate Greece Grand Tour,Greece,"Athens, Santorini, Mykonos, Crete, Delphi",14D/13N,5-Star Hotels,Breakfast + Dinner,"Domestic Flights, Ferries, Private Transfers","Acropolis, Oia Village, Knossos Palace, Navagio Beach, Delphi","Island Hopping, Sunset Cruises, Historical Tours, Beach Activities, Shopping",Grand Tour,All Travelers,5,425000
IDN001,Indonesia Budget Explorer,Indonesia,"Bali, Ubud",7D/6N,3-Star Hotel,Breakfast,"Airport Transfers, Shared Coach","Tanah Lot Temple, Ubud Monkey Forest, Tegallalang Rice Terraces, Kuta Beach","Temple Visits, Beach Walks, Shopping",Budget,"Students, Solo Travelers",4.5,75000
IDN002,Indonesia Family Discovery,Indonesia,"Bali, Nusa Dua",8D/7N,4-Star Resort,Breakfast + Dinner,Private Transfers,"Garuda Wisnu Kencana, Bali Safari & Marine Park, Nusa Dua Beach, Uluwatu Temple","Cultural Shows, Beach Activities, Family Excursions",Family,Families,4.8,125000
IDN003,Indonesia Romantic Escape,Indonesia,"Bali, Gili Islands",7D/6N,5-Star Beach Resort,Breakfast + Romantic Dinner,"Speedboat, Private Transfers","Uluwatu Temple, Gili Trawangan, Seminyak Beach, Ubud","Sunset Cruise, Couples Spa, Candlelight Dinner, Beach Relaxation",Honeymoon,Couples,4.9,185000
IDN004,Indonesia Adventure Expedition,Indonesia,"Lombok, Komodo Island",9D/8N,4-Star Hotel,Breakfast,"Domestic Flight, Boat Transfers","Mount Rinjani, Komodo National Park, Pink Beach","Trekking, Scuba Diving, Snorkeling, Island Hopping",Adventure,Adventure Lovers,4.8,175000
IDN005,Indonesia Luxury Escape,Indonesia,"Bali, Ubud, Nusa Penida",10D/9N,5-Star Luxury Resort,All Meals,"Private Luxury Transfers, Speedboat","Nusa Penida, Ubud Palace, Tanah Lot, Seminyak","Private Villa Stay, Yacht Cruise, Spa, Fine Dining",Luxury,Premium Travelers,5,325000
IDN006,Indonesia Cultural Heritage Tour,Indonesia,"Yogyakarta, Bali",8D/7N,4-Star Hotel,Breakfast,"Domestic Flight, Private Coach","Borobudur Temple, Prambanan Temple, Ubud Palace, Tirta Empul Temple","Heritage Walks, Traditional Dance Show, Batik Workshop",Cultural,History Enthusiasts,4.8,145000
IDN007,Indonesia Nature Explorer,Indonesia,"Raja Ampat, Bali",9D/8N,Eco Resort,Breakfast + Dinner,"Domestic Flights, Boat Transfers","Raja Ampat Islands, West Papua Marine Park, Tegenungan Waterfall","Snorkeling, Wildlife Watching, Kayaking, Nature Photography",Nature & Wildlife,Nature Lovers,4.9,225000
IDN008,Ultimate Indonesia Grand Tour,Indonesia,"Bali, Ubud, Lombok, Komodo Island, Yogyakarta",14D/13N,5-Star Hotels,Breakfast + Dinner,"Domestic Flights, Ferries, Private Transfers","Tanah Lot Temple, Borobudur, Komodo National Park, Mount Batur, Nusa Penida","Island Hopping, Cultural Tours, Beach Activities, Trekking, Shopping",Grand Tour,All Travelers,5,395000
ITA001,Italy Budget Explorer,Italy,"Rome, Florence",6D/5N,3-Star Hotel,Breakfast,"Airport Transfers, High-Speed Train","Colosseum, Roman Forum, Florence Cathedral, Ponte Vecchio","City Tours, Museum Visits, Shopping",Budget,"Students, Solo Travelers",4.5,110000
ITA002,Italy Family Discovery,Italy,"Rome, Venice",7D/6N,4-Star Hotel,Breakfast + Dinner,"Private Transfers, High-Speed Train","Colosseum, Vatican Museums, St. Mark's Basilica, Grand Canal","Gondola Ride, Family Sightseeing, Cultural Tours",Family,Families,4.8,170000
ITA003,Italy Romantic Escape,Italy,"Venice, Amalfi Coast",7D/6N,5-Star Luxury Hotel,Breakfast + Romantic Dinner,"Private Transfers, Domestic Flight","Grand Canal, Rialto Bridge, Positano, Amalfi Coast","Gondola Ride, Sunset Cruise, Couples Spa, Fine Dining",Honeymoon,Couples,4.9,245000
ITA004,Italy Adventure Expedition,Italy,"Dolomites, Lake Garda",8D/7N,Mountain Lodge,Breakfast,"Rental Car, Private Transfers","Tre Cime di Lavaredo, Lake Garda, Seceda Ridge","Hiking, Rock Climbing, Cycling, Cable Car Ride",Adventure,Adventure Lovers,4.8,195000
ITA005,Italy Luxury Escape,Italy,"Rome, Florence, Venice, Milan",10D/9N,5-Star Luxury Hotel,All Meals,"Business Class Domestic Flights, Private Transfers","Colosseum, Vatican City, Duomo di Milano, Grand Canal","Private City Tours, Luxury Shopping, Michelin-Star Dining, Wine Tasting",Luxury,Premium Travelers,5,415000
ITA006,Italy Cultural Heritage Tour,Italy,"Rome, Florence, Pisa",8D/7N,4-Star Hotel,Breakfast,"High-Speed Train, Private Coach","Colosseum, Vatican Museums, Leaning Tower of Pisa, Uffizi Gallery","Heritage Walks, Museum Tours, Renaissance Art Experience",Cultural,History Enthusiasts,4.8,165000
ITA007,Italy Nature Explorer,Italy,"Cinque Terre, Lake Como",8D/7N,Eco Resort,Breakfast + Dinner,"Train, Private Transfers","Cinque Terre National Park, Lake Como, Bellagio","Coastal Hiking, Boat Cruise, Nature Photography",Nature & Wildlife,Nature Lovers,4.8,185000
ITA008,Ultimate Italy Grand Tour,Italy,"Rome, Florence, Venice, Milan, Naples, Amalfi Coast",14D/13N,5-Star Hotels,Breakfast + Dinner,"High-Speed Trains, Domestic Flight, Private Transfers","Colosseum, Vatican City, Leaning Tower of Pisa, Grand Canal, Duomo di Milano, Pompeii, Amalfi Coast","City Tours, Gondola Ride, Wine Tasting, Shopping, Coastal Excursions",Grand Tour,All Travelers,5,465000
JAP001,Japan Budget Explorer,Japan,"Tokyo, Osaka",7D/6N,3-Star Hotel,Breakfast,"Airport Transfers, Shinkansen (Bullet Train)","Tokyo Tower, Shibuya Crossing, Osaka Castle, Dotonbori","City Tours, Shopping, Street Food Experience",Budget,"Students, Solo Travelers",4.6,135000
JAP002,Japan Family Discovery,Japan,"Tokyo, Kyoto",8D/7N,4-Star Hotel,Breakfast + Dinner,"Private Transfers, Shinkansen","Tokyo Disneyland, Fushimi Inari Shrine, Arashiyama Bamboo Forest, Asakusa Temple","Theme Parks, Cultural Experiences, Family Sightseeing",Family,Families,4.8,185000
JAP003,Japan Romantic Escape,Japan,"Kyoto, Hakone",7D/6N,5-Star Ryokan & Resort,Breakfast + Romantic Dinner,"Private Transfers, Bullet Train","Mount Fuji, Lake Ashi, Kiyomizu-dera Temple, Gion District","Onsen Experience, Lake Cruise, Tea Ceremony, Couples Spa",Honeymoon,Couples,4.9,255000
JAP004,Japan Adventure Expedition,Japan,"Hokkaido, Nagano",9D/8N,Mountain Lodge,Breakfast,"Domestic Flight, Private Transfers","Niseko Ski Resort, Jigokudani Snow Monkey Park, Shiretoko National Park","Skiing, Snowboarding, Hiking, Wildlife Viewing",Adventure,Adventure Lovers,4.9,245000
JAP005,Japan Luxury Escape,Japan,"Tokyo, Kyoto, Osaka",10D/9N,5-Star Luxury Hotel,All Meals,"Business Class Domestic Flight, Private Chauffeur","Imperial Palace, Ginza, Kinkaku-ji, Osaka Castle","Michelin-Star Dining, Private City Tours, Luxury Shopping, Helicopter Ride",Luxury,Premium Travelers,5,435000
JAP006,Japan Cultural Heritage Tour,Japan,"Kyoto, Nara",8D/7N,4-Star Traditional Hotel,Breakfast,"Shinkansen, Private Coach","Fushimi Inari Shrine, Kinkaku-ji, Todai-ji Temple, Nara Park","Tea Ceremony, Kimono Experience, Temple Tours, Cultural Performances",Cultural,History Enthusiasts,4.9,175000
JAP007,Japan Nature Explorer,Japan,"Hakone, Fuji Five Lakes",8D/7N,Eco Resort,Breakfast + Dinner,Private Transfers,"Mount Fuji, Lake Kawaguchi, Owakudani Valley, Chureito Pagoda","Nature Walks, Ropeway Ride, Hot Springs, Photography",Nature & Wildlife,Nature Lovers,4.8,195000
JAP008,Ultimate Japan Grand Tour,Japan,"Tokyo, Kyoto, Osaka, Nara, Hakone, Hiroshima",15D/14N,5-Star Hotels,Breakfast + Dinner,"Shinkansen, Domestic Flight, Private Transfers","Mount Fuji, Tokyo Skytree, Fushimi Inari Shrine, Osaka Castle, Hiroshima Peace Memorial Park, Miyajima Island","City Tours, Cultural Experiences, Onsen Stay, Shopping, Scenic Cruises",Grand Tour,All Travelers,5,495000
MAL001,Malaysia Budget Explorer,Malaysia,"Kuala Lumpur, Genting Highlands",5D/4N,3-Star Hotel,Breakfast,"Airport Transfers, Shared Coach, Cable Car","Petronas Twin Towers, Batu Caves, Genting SkyWorlds, KL Tower","City Tours, Shopping, Theme Park Visit",Budget,"Students, Solo Travelers",4.5,45000
MAL002,Malaysia Family Discovery,Malaysia,"Kuala Lumpur, Langkawi",6D/5N,4-Star Hotel,Breakfast + Dinner,"Domestic Flight, Private Transfers","Langkawi Sky Bridge, Underwater World, Petronas Twin Towers","Beach Activities, Cable Car Ride, Family Sightseeing",Family,Families,4.8,75000
MAL003,Malaysia Romantic Escape,Malaysia,"Langkawi, Penang",6D/5N,5-Star Beach Resort,Breakfast + Romantic Dinner,"Domestic Flight, Private Transfers","Cenang Beach, Langkawi Sky Bridge, Penang Hill, Kek Lok Si Temple","Sunset Cruise, Spa, Beach Dinner, Heritage Walk",Honeymoon,Couples,4.9,125000
MAL004,Malaysia Adventure Expedition,Malaysia,"Sabah, Kota Kinabalu",8D/7N,4-Star Resort,Breakfast,"Domestic Flight, Private Transfers","Mount Kinabalu, Tunku Abdul Rahman Marine Park, Poring Hot Springs","Mountain Trekking, Scuba Diving, Island Hopping, Wildlife Tours",Adventure,Adventure Lovers,4.8,155000
MAL005,Malaysia Luxury Escape,Malaysia,"Kuala Lumpur, Langkawi",8D/7N,5-Star Luxury Hotel & Resort,All Meals,"Business Class Domestic Flight, Private Chauffeur","Petronas Twin Towers, Langkawi Sky Bridge, Datai Bay","Luxury Shopping, Private Yacht Cruise, Spa, Fine Dining",Luxury,Premium Travelers,5,285000
MAL006,Malaysia Cultural Heritage Tour,Malaysia,"Kuala Lumpur, Malacca, Penang",7D/6N,4-Star Hotel,Breakfast,Private Coach,"Malacca Heritage City, George Town UNESCO Site, Sultan Abdul Samad Building","Heritage Walks, Museum Tours, Local Food Trail",Cultural,History Enthusiasts,4.8,95000
MAL007,Malaysia Nature Explorer,Malaysia,"Borneo, Sandakan",8D/7N,Eco Resort,Breakfast + Dinner,"Domestic Flight, Shared Transfers","Kinabatangan River, Sepilok Orangutan Rehabilitation Centre, Rainforest Discovery Centre","River Safari, Jungle Trekking, Bird Watching, Wildlife Photography",Nature & Wildlife,Nature Lovers,4.9,165000
MAL008,Ultimate Malaysia Grand Tour,Malaysia,"Kuala Lumpur, Genting Highlands, Langkawi, Penang, Malacca",12D/11N,5-Star Hotels,Breakfast + Dinner,"Domestic Flights, Private Transfers","Petronas Twin Towers, Batu Caves, Langkawi Sky Bridge, George Town, Malacca Heritage City","City Tours, Beach Excursions, Cultural Experiences, Shopping, Island Hopping",Grand Tour,All Travelers,5,325000
MLD001,Maldives Budget Explorer,Maldives,"Mal�, Maafushi Island",5D/4N,3-Star Guesthouse,Breakfast,Airport Speedboat Transfers,"Mal� City, Maafushi Beach, Local Markets, Bikini Beach","Beach Walks, Snorkeling, Island Exploration",Budget,"Students, Solo Travelers",4.5,65000
MLD002,Maldives Family Discovery,Maldives,"Mal�, Hulhumal�",6D/5N,4-Star Beach Resort,Breakfast + Dinner,Speedboat Transfers,"Hulhumal� Beach, Ocean Park, Mal� Fish Market, Artificial Beach","Family Beach Activities, Dolphin Cruise, Water Sports",Family,Families,4.8,115000
MLD003,Maldives Romantic Escape,Maldives,South Mal� Atoll,5D/4N,5-Star Overwater Villa,Breakfast + Romantic Dinner,Luxury Speedboat Transfers,"Overwater Villas, Coral Reefs, Sandbanks","Candlelight Dinner, Sunset Cruise, Couples Spa, Snorkeling",Honeymoon,Couples,4.9,225000
MLD004,Maldives Adventure Expedition,Maldives,"Baa Atoll, Ari Atoll",7D/6N,4-Star Island Resort,Breakfast,Seaplane & Speedboat Transfers,"Hanifaru Bay, Coral Gardens, Ari Atoll","Scuba Diving, Shark Diving, Parasailing, Jet Skiing",Adventure,Adventure Lovers,4.8,185000
MLD005,Maldives Luxury Escape,Maldives,"North Mal� Atoll, Vaadhoo Island",8D/7N,5-Star Luxury Water Villa,All Meals,"Seaplane, Private Yacht Transfers","Vaadhoo Beach (Sea of Stars), Private Sandbanks, Coral Lagoons","Private Yacht Cruise, Spa, Fine Dining, Underwater Restaurant",Luxury,Premium Travelers,5,395000
MLD006,Maldives Island Heritage Tour,Maldives,"Mal�, Addu Atoll",6D/5N,4-Star Resort,Breakfast,"Domestic Flight, Speedboat Transfers","Grand Friday Mosque, National Museum, Addu Nature Park","Cultural Tours, Local Island Visits, Traditional Cuisine Experience",Cultural,History & Culture Enthusiasts,4.7,135000
MLD007,Maldives Nature Explorer,Maldives,"Baa Atoll, Vaavu Atoll",7D/6N,Eco Resort,Breakfast + Dinner,Seaplane Transfers,"UNESCO Biosphere Reserve, Coral Reefs, Mangroves","Snorkeling, Dolphin Watching, Manta Ray Diving, Kayaking",Nature & Wildlife,Nature Lovers,4.9,195000
MLD008,Ultimate Maldives Grand Tour,Maldives,"Mal�, North Mal� Atoll, South Mal� Atoll, Baa Atoll, Ari Atoll",10D/9N,5-Star Luxury Resorts,Breakfast + Dinner,"Domestic Flight, Seaplane, Private Yacht","Overwater Villas, Hanifaru Bay, Vaadhoo Beach, Coral Reefs, Private Sandbanks","Island Hopping, Luxury Spa, Scuba Diving, Sunset Cruises, Water Sports",Grand Tour,All Travelers,5,475000
NZL001,New Zealand Budget Explorer,New Zealand,"Auckland, Rotorua",7D/6N,3-Star Hotel,Breakfast,"Airport Transfers, Intercity Coach","Sky Tower, Wai-O-Tapu Thermal Wonderland, Rotorua Lake, Hobbiton","City Tours, Geothermal Park Visit, Shopping",Budget,"Students, Solo Travelers",4.6,125000
NZL002,New Zealand Family Discovery,New Zealand,"Auckland, Queenstown",8D/7N,4-Star Hotel,Breakfast + Dinner,"Domestic Flight, Private Transfers","Sky Tower, Skyline Queenstown, Kiwi Birdlife Park, Lake Wakatipu","Gondola Ride, Family Sightseeing, Wildlife Experience",Family,Families,4.8,185000
NZL003,New Zealand Romantic Escape,New Zealand,"Queenstown, Wanaka",7D/6N,5-Star Lakeside Resort,Breakfast + Romantic Dinner,Private Transfers,"Lake Wakatipu, Milford Sound, Roys Peak, Arrowtown","Sunset Cruise, Couples Spa, Scenic Helicopter Ride",Honeymoon,Couples,4.9,265000
NZL004,New Zealand Adventure Expedition,New Zealand,"Queenstown, Franz Josef Glacier",9D/8N,4-Star Lodge,Breakfast,"Rental SUV, Private Transfers","Nevis Bungy, Franz Josef Glacier, Shotover River","Bungee Jumping, Skydiving, Glacier Hike, Jet Boating",Adventure,Adventure Lovers,4.9,235000
NZL005,New Zealand Luxury Escape,New Zealand,"Auckland, Queenstown, Milford Sound",10D/9N,5-Star Luxury Hotel,All Meals,"Domestic Flights, Private Chauffeur","Milford Sound, Hobbiton, Sky Tower, Lake Tekapo","Private Yacht Cruise, Fine Dining, Spa, Helicopter Tour",Luxury,Premium Travelers,5,435000
NZL006,New Zealand Cultural Heritage Tour,New Zealand,"Rotorua, Wellington",8D/7N,4-Star Hotel,Breakfast,Private Coach,"Te Puia, M?ori Cultural Village, Museum of New Zealand Te Papa Tongarewa","M?ori Cultural Shows, Heritage Tours, Museum Visits",Cultural,History Enthusiasts,4.8,175000
NZL007,New Zealand Nature Explorer,New Zealand,"Fiordland, Mount Cook",9D/8N,Eco Lodge,Breakfast + Dinner,Private Transfers,"Milford Sound, Aoraki/Mount Cook National Park, Lake Pukaki","Hiking, Wildlife Watching, Kayaking, Stargazing",Nature & Wildlife,Nature Lovers,4.9,215000
NZL008,Ultimate New Zealand Grand Tour,New Zealand,"Auckland, Rotorua, Wellington, Queenstown, Milford Sound, Mount Cook",15D/14N,5-Star Hotels,Breakfast + Dinner,"Domestic Flights, Private Transfers","Hobbiton, Sky Tower, Milford Sound, Franz Josef Glacier, Mount Cook, Lake Tekapo","Scenic Train Ride, Adventure Sports, Nature Excursions, Cultural Experiences, Shopping",Grand Tour,All Travelers,5,495000
SGP001,Singapore Budget Explorer,Singapore,Singapore City,5D/4N,3-Star Hotel,Breakfast,"Airport Transfers, MRT Pass","Marina Bay Sands, Merlion Park, Gardens by the Bay, Chinatown","City Tours, Shopping, Street Food Experience",Budget,"Students, Solo Travelers",4.6,55000
SGP002,Singapore Family Discovery,Singapore,"Singapore City, Sentosa Island",6D/5N,4-Star Hotel,Breakfast + Dinner,Private Transfers,"Universal Studios Singapore, S.E.A. Aquarium, Sentosa Skyline Luge, Singapore Zoo","Theme Parks, Aquarium Visit, Cable Car Ride",Family,Families,4.8,95000
SGP003,Singapore Romantic Escape,Singapore,"Singapore City, Sentosa Island",5D/4N,5-Star Luxury Hotel,Breakfast + Romantic Dinner,Private Transfers,"Marina Bay Sands SkyPark, Gardens by the Bay, Sentosa Beaches","Sunset Cruise, Couples Spa, Rooftop Dining, Night Safari",Honeymoon,Couples,4.9,155000
SGP004,Singapore Adventure Expedition,Singapore,"Singapore City, Sentosa Island",6D/5N,4-Star Hotel,Breakfast,Private Transfers,"Mega Adventure Park, Adventure Cove Waterpark, Southern Ridges","Ziplining, Indoor Skydiving, Water Sports, Hiking",Adventure,Adventure Lovers,4.8,125000
SGP005,Singapore Luxury Escape,Singapore,Singapore City,7D/6N,5-Star Luxury Hotel,All Meals,Private Chauffeur,"Marina Bay Sands, Gardens by the Bay, Jewel Changi Airport, Orchard Road","Luxury Shopping, Michelin-Star Dining, Private Yacht Cruise, Spa",Luxury,Premium Travelers,5,285000
SGP006,Singapore Cultural Heritage Tour,Singapore,Singapore City,6D/5N,4-Star Hotel,Breakfast,"MRT Pass, Private Coach","Chinatown, Little India, Kampong Glam, National Museum of Singapore","Heritage Walks, Museum Visits, Hawker Food Trail",Cultural,History Enthusiasts,4.7,85000
SGP007,Singapore Nature Explorer,Singapore,"Singapore City, Pulau Ubin",6D/5N,Eco Resort,Breakfast + Dinner,"Ferry, Private Transfers","Singapore Botanic Gardens, Sungei Buloh Wetland Reserve, Pulau Ubin, MacRitchie Reservoir","Cycling, Bird Watching, Nature Trails, Kayaking",Nature & Wildlife,Nature Lovers,4.8,105000
SGP008,Ultimate Singapore Grand Tour,Singapore,"Singapore City, Sentosa Island, Pulau Ubin",8D/7N,5-Star Hotel,Breakfast + Dinner,Private Transfers,"Marina Bay Sands, Universal Studios Singapore, Gardens by the Bay, Sentosa Island, Night Safari, Singapore Flyer, Jewel Changi Airport","Theme Parks, City Tours, Shopping, Wildlife Experiences, River Cruise",Grand Tour,All Travelers,5,245000
ESP001,Spain Budget Explorer,Spain,"Madrid, Barcelona",6D/5N,3-Star Hotel,Breakfast,"Airport Transfers, High-Speed AVE Train","Sagrada Fam�lia, Royal Palace of Madrid, Plaza Mayor, Park G�ell","City Tours, Shopping, Local Food Walk",Budget,"Students, Solo Travelers",4.5,105000
ESP002,Spain Family Discovery,Spain,"Madrid, Valencia",7D/6N,4-Star Hotel,Breakfast + Dinner,"Private Transfers, High-Speed Train","Oceanogr�fic Valencia, City of Arts and Sciences, Retiro Park, Royal Palace","Aquarium Visit, Family Sightseeing, Cultural Experiences",Family,Families,4.8,165000
ESP003,Spain Romantic Escape,Spain,"Barcelona, Seville",7D/6N,5-Star Luxury Hotel,Breakfast + Romantic Dinner,"Private Transfers, Domestic Flight","Sagrada Fam�lia, La Rambla, Plaza de Espa�a, Alc�zar of Seville","Flamenco Show, Sunset Cruise, Couples Spa, Fine Dining",Honeymoon,Couples,4.9,235000
ESP004,Spain Adventure Expedition,Spain,"Granada, Sierra Nevada",8D/7N,Mountain Lodge,Breakfast,"Rental Car, Private Transfers","Sierra Nevada National Park, Alhambra, Mulhac�n Peak","Hiking, Rock Climbing, Mountain Biking, Skiing (Winter)",Adventure,Adventure Lovers,4.8,195000
ESP005,Spain Luxury Escape,Spain,"Madrid, Barcelona, Ibiza",10D/9N,5-Star Luxury Resort,All Meals,"Business Class Domestic Flights, Private Chauffeur","Sagrada Fam�lia, Royal Palace, Ibiza Beaches, Park G�ell","Private Yacht Cruise, Luxury Shopping, Michelin-Star Dining, Spa",Luxury,Premium Travelers,5,395000
ESP006,Spain Cultural Heritage Tour,Spain,"Madrid, Toledo, C�rdoba",8D/7N,4-Star Hotel,Breakfast,"High-Speed Train, Private Coach","Toledo Cathedral, Mosque?Cathedral of C�rdoba, Prado Museum, Royal Palace","Heritage Walks, Museum Tours, Flamenco Performance",Cultural,History Enthusiasts,4.8,155000
ESP007,Spain Nature Explorer,Spain,"Tenerife, Picos de Europa",8D/7N,Eco Resort,Breakfast + Dinner,"Domestic Flight, Private Transfers","Teide National Park, Mount Teide, Picos de Europa National Park","Hiking, Cable Car Ride, Whale Watching, Nature Photography",Nature & Wildlife,Nature Lovers,4.8,185000
ESP008,Ultimate Spain Grand Tour,Spain,"Madrid, Barcelona, Seville, Granada, Valencia, Ibiza",14D/13N,5-Star Hotels,Breakfast + Dinner,"High-Speed Trains, Domestic Flights, Private Transfers","Sagrada Fam�lia, Royal Palace, Alhambra, Plaza de Espa�a, City of Arts and Sciences, Ibiza Beaches","City Tours, Flamenco Shows, Beach Excursions, Wine Tasting, Shopping",Grand Tour,All Travelers,5,455000
THA001,Thailand Budget Explorer,Thailand,"Bangkok, Pattaya",5D/4N,3-Star Hotel,Breakfast,"Airport Transfers, Shared Coach","Grand Palace, Wat Arun, Pattaya Beach, Walking Street","City Tours, Beach Visit, Shopping",Budget,"Students, Solo Travelers",4.5,45000
THA002,Thailand Family Discovery,Thailand,"Bangkok, Phuket",6D/5N,4-Star Hotel,Breakfast + Dinner,"Domestic Flight, Private Transfers","Grand Palace, Phi Phi Islands, Phuket Old Town, Big Buddha","Island Tour, Family Beach Activities, Cultural Visits",Family,Families,4.8,75000
THA003,Thailand Romantic Escape,Thailand,"Phuket, Krabi",6D/5N,5-Star Beach Resort,Breakfast + Romantic Dinner,"Private Transfers, Speedboat","Phi Phi Islands, Railay Beach, James Bond Island, Maya Bay","Sunset Cruise, Couples Spa, Candlelight Dinner, Island Hopping",Honeymoon,Couples,4.9,135000
THA004,Thailand Adventure Expedition,Thailand,"Chiang Mai, Chiang Rai",8D/7N,4-Star Resort,Breakfast,"Domestic Flight, Private Transfers","Doi Inthanon National Park, White Temple, Golden Triangle, Mae Taeng River","Jungle Trekking, Whitewater Rafting, Ziplining, ATV Ride",Adventure,Adventure Lovers,4.8,145000
THA005,Thailand Luxury Escape,Thailand,"Bangkok, Phuket, Koh Samui",9D/8N,5-Star Luxury Resort,All Meals,"Business Class Domestic Flights, Private Chauffeur","Grand Palace, Koh Samui Beaches, Phi Phi Islands, Big Buddha","Private Yacht Cruise, Luxury Shopping, Spa, Fine Dining",Luxury,Premium Travelers,5,295000
THA006,Thailand Cultural Heritage Tour,Thailand,"Bangkok, Ayutthaya, Chiang Mai",7D/6N,4-Star Hotel,Breakfast,"Private Coach, Domestic Flight","Ayutthaya Historical Park, Wat Pho, Doi Suthep Temple, Wat Rong Khun","Temple Tours, Thai Cultural Show, Floating Market Visit",Cultural,History Enthusiasts,4.8,95000
THA007,Thailand Nature Explorer,Thailand,"Khao Sok, Krabi",8D/7N,Eco Resort,Breakfast + Dinner,Private Transfers,"Khao Sok National Park, Emerald Pool, Railay Beach, Phang Nga Bay","Kayaking, Wildlife Safari, Hiking, Snorkeling",Nature & Wildlife,Nature Lovers,4.8,125000
THA008,Ultimate Thailand Grand Tour,Thailand,"Bangkok, Pattaya, Phuket, Krabi, Chiang Mai",12D/11N,5-Star Hotels,Breakfast + Dinner,"Domestic Flights, Private Transfers","Grand Palace, Phi Phi Islands, Railay Beach, White Temple, Doi Suthep, Walking Street","Island Hopping, Temple Tours, Adventure Activities, Shopping, Thai Cultural Experiences",Grand Tour,All Travelers,5,345000
UAE001,UAE Budget Explorer,United Arab Emirates,"Dubai, Sharjah",5D/4N,3-Star Hotel,Breakfast,"Airport Transfers, Shared Coach","Burj Khalifa, Dubai Mall, Dubai Fountain, Sharjah Museum of Islamic Civilization","City Tours, Shopping, Cultural Walks",Budget,"Students, Solo Travelers",4.5,55000
UAE002,UAE Family Discovery,United Arab Emirates,"Dubai, Abu Dhabi",6D/5N,4-Star Hotel,Breakfast + Dinner,Private Transfers,"Ferrari World, Sheikh Zayed Grand Mosque, Dubai Aquarium, Miracle Garden","Theme Parks, Desert Safari, Family Sightseeing",Family,Families,4.8,95000
UAE003,UAE Romantic Escape,United Arab Emirates,"Dubai, Abu Dhabi",6D/5N,5-Star Luxury Hotel,Breakfast + Romantic Dinner,Private Chauffeur,"Burj Al Arab, Palm Jumeirah, Dubai Marina, Louvre Abu Dhabi","Luxury Yacht Cruise, Couples Spa, Sunset Dinner, Marina Walk",Honeymoon,Couples,4.9,165000
UAE004,UAE Adventure Expedition,United Arab Emirates,"Dubai, Hatta",7D/6N,4-Star Resort,Breakfast,Private Transfers,"Dubai Desert Conservation Reserve, Hatta Mountains, Jebel Jais","Desert Safari, Dune Bashing, Ziplining, Kayaking, Mountain Hiking",Adventure,Adventure Lovers,4.8,145000
UAE005,UAE Luxury Escape,United Arab Emirates,"Dubai, Abu Dhabi",8D/7N,5-Star Luxury Resort,All Meals,"Private Chauffeur, Luxury SUV","Burj Khalifa, Atlantis The Palm, Emirates Palace, Dubai Marina","Private Yacht Charter, Fine Dining, Luxury Shopping, Spa",Luxury,Premium Travelers,5,325000
UAE006,UAE Cultural Heritage Tour,United Arab Emirates,"Dubai, Abu Dhabi, Al Ain",7D/6N,4-Star Hotel,Breakfast,Private Coach,"Al Fahidi Historical District, Sheikh Zayed Grand Mosque, Al Ain Oasis, Qasr Al Hosn","Heritage Walks, Museum Visits, Cultural Shows",Cultural,History Enthusiasts,4.8,105000
UAE007,UAE Nature Explorer,United Arab Emirates,"Ras Al Khaimah, Fujairah",7D/6N,Eco Resort,Breakfast + Dinner,Private Transfers,"Jebel Jais, Wadi Wurayah National Park, Snoopy Island","Hiking, Snorkeling, Wildlife Watching, Beach Exploration",Nature & Wildlife,Nature Lovers,4.8,125000
UAE008,Ultimate UAE Grand Tour,United Arab Emirates,"Dubai, Abu Dhabi, Sharjah, Ras Al Khaimah, Al Ain",10D/9N,5-Star Hotels,Breakfast + Dinner,Private Transfers,"Burj Khalifa, Sheikh Zayed Grand Mosque, Ferrari World, Palm Jumeirah, Jebel Jais, Dubai Frame","City Tours, Desert Safari, Theme Parks, Luxury Shopping, Cultural Experiences",Grand Tour,All Travelers,5,365000
UK001,United Kingdom Budget Explorer,United Kingdom,"London, Birmingham",7D/6N,3-Star Hotel,Breakfast,"Airport Transfers, Intercity Train","Big Ben, Buckingham Palace, Tower Bridge, Birmingham Museum & Art Gallery","City Tours, Shopping, Museum Visits",Budget,"Students, Solo Travelers",4.5,125000
UK002,United Kingdom Family Discovery,United Kingdom,"London, Edinburgh",8D/7N,4-Star Hotel,Breakfast + Dinner,"High-Speed Train, Private Transfers","London Eye, Edinburgh Castle, Tower of London, Natural History Museum","Family Sightseeing, River Cruise, Castle Tour",Family,Families,4.8,185000
UK003,United Kingdom Romantic Escape,United Kingdom,"London, Cotswolds",7D/6N,5-Star Luxury Hotel,Breakfast + Romantic Dinner,Private Chauffeur,"Buckingham Palace, Hyde Park, Bourton-on-the-Water, Blenheim Palace","Thames Dinner Cruise, Countryside Drive, Spa Experience",Honeymoon,Couples,4.9,255000
UK004,United Kingdom Adventure Expedition,United Kingdom,"Scottish Highlands, Isle of Skye",9D/8N,Mountain Lodge,Breakfast,"Rental SUV, Private Transfers","Ben Nevis, Loch Ness, Isle of Skye, Glen Coe","Hiking, Kayaking, Wildlife Watching, Mountain Trekking",Adventure,Adventure Lovers,4.8,225000
UK005,United Kingdom Luxury Escape,United Kingdom,"London, Edinburgh, Windsor",10D/9N,5-Star Luxury Hotel,All Meals,"Business Class Domestic Flight, Private Chauffeur","Buckingham Palace, Windsor Castle, Edinburgh Castle, The Shard","Luxury Shopping, Afternoon Tea, Michelin-Star Dining, Private City Tours",Luxury,Premium Travelers,5,425000
UK006,United Kingdom Cultural Heritage Tour,United Kingdom,"London, Oxford, Bath",8D/7N,4-Star Hotel,Breakfast,Private Coach,"Westminster Abbey, Stonehenge, Roman Baths, University of Oxford","Heritage Walks, Museum Tours, Historic Site Visits",Cultural,History Enthusiasts,4.8,175000
UK007,United Kingdom Nature Explorer,United Kingdom,"Lake District, Snowdonia",8D/7N,Eco Lodge,Breakfast + Dinner,Private Transfers,"Lake Windermere, Scafell Pike, Snowdonia National Park, Mount Snowdon","Hiking, Boating, Cycling, Nature Photography",Nature & Wildlife,Nature Lovers,4.8,195000
UK008,Ultimate United Kingdom Grand Tour,United Kingdom,"London, Edinburgh, Manchester, Oxford, Bath, Lake District",14D/13N,5-Star Hotels,Breakfast + Dinner,"High-Speed Trains, Domestic Flight, Private Transfers","Big Ben, Buckingham Palace, Edinburgh Castle, Stonehenge, Roman Baths, Lake District National Park","City Tours, Castle Visits, Shopping, River Cruise, Cultural Experiences",Grand Tour,All Travelers,5,495000
USA001,United States Budget Explorer,United States,"New York City, Washington D.C.",7D/6N,3-Star Hotel,Breakfast,"Airport Transfers, Amtrak Train","Statue of Liberty, Times Square, White House, National Mall","City Tours, Museum Visits, Shopping",Budget,"Students, Solo Travelers",4.5,145000
USA002,United States Family Discovery,United States,"Orlando, Miami",8D/7N,4-Star Hotel,Breakfast + Dinner,"Domestic Flight, Private Transfers","Walt Disney World, Universal Orlando Resort, Miami Beach","Theme Parks, Family Entertainment, Beach Activities",Family,Families,4.8,225000
USA003,United States Romantic Escape,United States,"New York City, Napa Valley",7D/6N,5-Star Luxury Hotel,Breakfast + Romantic Dinner,"Domestic Flight, Private Transfers","Central Park, Empire State Building, Napa Vineyards","Wine Tasting, Broadway Show, Couples Spa, Fine Dining",Honeymoon,Couples,4.9,295000
USA004,United States Adventure Expedition,United States,"Las Vegas, Grand Canyon",9D/8N,4-Star Resort,Breakfast,"Rental SUV, Private Transfers","Grand Canyon National Park, Hoover Dam, Red Rock Canyon","Helicopter Tour, Hiking, ATV Ride, Skywalk Experience",Adventure,Adventure Lovers,4.8,245000
USA005,United States Luxury Escape,United States,"New York City, Los Angeles, Las Vegas",10D/9N,5-Star Luxury Hotel,All Meals,"Business Class Domestic Flights, Private Chauffeur","Hollywood Sign, Beverly Hills, Times Square, Bellagio Fountains","Luxury Shopping, Private City Tours, Helicopter Ride, Michelin-Star Dining",Luxury,Premium Travelers,5,495000
USA006,United States Cultural Heritage Tour,United States,"Boston, Philadelphia, Washington D.C.",8D/7N,4-Star Hotel,Breakfast,"Amtrak Train, Private Coach","Freedom Trail, Liberty Bell, Smithsonian Museums, White House","Heritage Walks, Museum Tours, Historic Landmark Visits",Cultural,History Enthusiasts,4.8,195000
USA007,United States Nature Explorer,United States,"Yellowstone, Yosemite",9D/8N,Eco Lodge,Breakfast + Dinner,"Domestic Flight, Private Transfers","Yellowstone National Park, Yosemite Valley, Old Faithful, Half Dome","Wildlife Safari, Hiking, Camping, Nature Photography",Nature & Wildlife,Nature Lovers,4.9,255000
USA008,Ultimate United States Grand Tour,United States,"New York City, Washington D.C., Orlando, Las Vegas, Los Angeles, San Francisco",15D/14N,5-Star Hotels,Breakfast + Dinner,"Domestic Flights, Private Transfers","Statue of Liberty, White House, Walt Disney World, Grand Canyon, Hollywood, Golden Gate Bridge","City Tours, Theme Parks, Road Trip, Shopping, National Park Excursions",Grand Tour,All Travelers,5,595000
