package_id,package_name,country,cities_covered,duration,hotel_category,meals,transportation,major_attractions,activities,package_type,best_for,rating,estimated_cost
IND0001,delhi explorer package,india,delhi,,5star,breakfast,ac coach,india gate delhi local market delhi city museum sunset view point heritage walk famous temple botanical garden riverfront photography spots,sightseeing local food tour photography,war memorial,historical,4.6,14999
IND0002,delhi explorer package,india,delhi,,3star,breakfast lunch dinner,train cab,humayuns tomb delhi local market delhi city museum sunset view point heritage walk famous temple botanical garden riverfront photography spots,sightseeing local food tour photography,tomb,historical,4.5,18999
IND0003,delhi explorer package,india,delhi,,3star,breakfast,ac coach,akshardham temple delhi local market delhi city museum sunset view point heritage walk famous temple botanical garden riverfront photography spots,sightseeing local food tour photography,temple,religious,4.6,14999
IND0004,delhi explorer package,india,delhi,,4star,breakfast lunch dinner,train cab,waste to wonder park delhi local market delhi city museum sunset view point heritage walk famous temple botanical garden riverfront photography spots,sightseeing local food tour photography,theme park,environmental,4.1,35999
IND0005,delhi explorer package,india,delhi,,5star,breakfast,ac coach,jantar mantar delhi local market delhi city museum sunset view point heritage walk famous temple botanical garden riverfront photography spots,sightseeing local food tour photography,observatory,scientific,4.2,24999
IND0006,delhi explorer package,india,delhi,,5star,breakfast,ac coach,chandni chowk delhi local market delhi city museum sunset view point heritage walk famous temple botanical garden riverfront photography spots,sightseeing local food tour photography,market,market,4.2,33999
IND0007,delhi explorer package,india,delhi,,3star,breakfast dinner,private cab,lotus temple delhi local market delhi city museum sunset view point heritage walk famous temple botanical garden riverfront photography spots,sightseeing local food tour photography,temple,religious,4.5,24999
IND0008,delhi explorer package,india,delhi,,5star,breakfast,train cab,red fort delhi local market delhi city museum sunset view point heritage walk famous temple botanical garden riverfront photography spots,sightseeing local food tour photography,fort,historical,4.5,28999
IND0009,delhi explorer package,india,delhi,,luxury heritage,breakfast,flight cab,agrasen ki baoli delhi local market delhi city museum sunset view point heritage walk famous temple botanical garden riverfront photography spots,sightseeing local food tour photography,stepwell,historical,4.2,35999
IND0010,delhi explorer package,india,delhi,,4star,breakfast lunch dinner,private cab,sunder nursery delhi local market delhi city museum sunset view point heritage walk famous temple botanical garden riverfront photography spots,sightseeing local food tour photography,park,botanical,4.6,39999
IND0011,delhi explorer package,india,delhi,,5star,breakfast,ac coach,garden of five senses delhi local market delhi city museum sunset view point heritage walk famous temple botanical garden riverfront photography spots,sightseeing local food tour photography,park,botanical,4.1,16999
IND0012,delhi explorer package,india,delhi,,5star,breakfast dinner,flight cab,lodhi garden delhi local market delhi city museum sunset view point heritage walk famous temple botanical garden riverfront photography spots,sightseeing local food tour photography,park,botanical,4.5,20999
IND0013,delhi explorer package,india,delhi,,5star,breakfast,flight cab,national gallery of modern art delhi local market delhi city museum sunset view point heritage walk famous temple botanical garden riverfront photography spots,sightseeing local food tour photography,museum,artistic,4.5,22999
IND0014,delhi explorer package,india,delhi,,4star,breakfast,train cab,national zoological park delhi local market delhi city museum sunset view point heritage walk famous temple botanical garden riverfront photography spots,sightseeing local food tour photography,zoo,environmental,4.1,16999
IND0015,delhi explorer package,india,delhi,,4star,breakfast lunch dinner,flight cab,qutub minar delhi local market delhi city museum sunset view point heritage walk famous temple botanical garden riverfront photography spots,sightseeing local food tour photography,monument,historical,4.5,33999
IND0016,delhi explorer package,india,delhi,,3star,breakfast dinner,train cab,national science centre delhi local market delhi city museum sunset view point heritage walk famous temple botanical garden riverfront photography spots,sightseeing local food tour photography,science,scientific,4.4,16999
IND0017,mumbai explorer package,india,mumbai,,4star,breakfast lunch dinner,flight cab,marine drive mumbai local market mumbai city museum sunset view point heritage walk famous temple botanical garden riverfront photography spots,sightseeing local food tour photography,promenade,scenic,4.5,24999
IND0018,mumbai explorer package,india,mumbai,,luxury heritage,breakfast lunch dinner,train cab,gateway of india mumbai local market mumbai city museum sunset view point heritage walk famous temple botanical garden riverfront photography spots,sightseeing local food tour photography,monument,historical,4.6,24999
IND0019,mumbai explorer package,india,mumbai,,4star,breakfast,flight cab,chhatrapati shivaji maharaj vastu sangrahalaya mumbai local market mumbai city museum sunset view point heritage walk famous temple botanical garden riverfront photography spots,sightseeing local food tour photography,museum,historical,4.6,22999
IND0020,mumbai explorer package,india,mumbai,,luxury heritage,breakfast dinner,ac coach,sanjay gandhi national park mumbai local market mumbai city museum sunset view point heritage walk famous temple botanical garden riverfront photography spots,sightseeing local food tour photography,national park,wildlife,4.3,41999
IND0021,mumbai explorer package,india,mumbai,,3star,breakfast,private cab,siddhivinayak temple mumbai local market mumbai city museum sunset view point heritage walk famous temple botanical garden riverfront photography spots,sightseeing local food tour photography,temple,religious,4.8,24999
IND0022,mumbai explorer package,india,mumbai,,luxury heritage,breakfast lunch dinner,private cab,mahalaxmi temple mumbai local market mumbai city museum sunset view point heritage walk famous temple botanical garden riverfront photography spots,sightseeing local food tour photography,temple,religious,4.7,20999
IND0023,mumbai explorer package,india,mumbai,,luxury heritage,breakfast lunch dinner,flight cab,haji ali dargah mumbai local market mumbai city museum sunset view point heritage walk famous temple botanical garden riverfront photography spots,sightseeing local food tour photography,religious shrine,religious,4.4,35999
IND0024,mumbai explorer package,india,mumbai,,3star,breakfast lunch dinner,flight cab,chowpatty beach mumbai local market mumbai city museum sunset view point heritage walk famous temple botanical garden riverfront photography spots,water sports beach walk sunset cruise,beach,recreational,4.3,35999
IND0025,mumbai explorer package,india,mumbai,,5star,breakfast dinner,ac coach,essel world mumbai local market mumbai city museum sunset view point heritage walk famous temple botanical garden riverfront photography spots,sightseeing local food tour photography,amusement park,recreational,4.3,24999
IND0026,mumbai explorer package,india,mumbai,,5star,breakfast lunch dinner,ac coach,elephanta caves mumbai local market mumbai city museum sunset view point heritage walk famous temple botanical garden riverfront photography spots,sightseeing local food tour photography,monument,historical,4.3,29999
IND0027,lonavala explorer package,india,lonavala,,5star,breakfast lunch dinner,ac coach,imagicaa lonavala local market lonavala city museum sunset view point heritage walk famous temple botanical garden riverfront photography spots,sightseeing local food tour photography,amusement park,recreational,1.4,35999
IND0028,bangalore explorer package,india,bangalore,,4star,breakfast lunch dinner,private cab,bangalore palace bangalore local market bangalore city museum sunset view point heritage walk famous temple botanical garden riverfront photography spots,sightseeing local food tour photography,palace,historical,4.2,22999
IND0029,bangalore explorer package,india,bangalore,,luxury heritage,breakfast,private cab,lalbagh botanical garden bangalore local market bangalore city museum sunset view point heritage walk famous temple botanical garden riverfront photography spots,sightseeing local food tour photography,botanical garden,nature,4.4,39999
IND0030,bangalore explorer package,india,bangalore,,4star,breakfast,ac coach,cubbon park bangalore local market bangalore city museum sunset view point heritage walk famous temple botanical garden riverfront photography spots,sightseeing local food tour photography,park,nature,4.4,28999
IND0031,bangalore explorer package,india,bangalore,,3star,breakfast lunch dinner,train cab,vidhana soudha bangalore local market bangalore city museum sunset view point heritage walk famous temple botanical garden riverfront photography spots,sightseeing local food tour photography,government building,architectural,4.6,35999
IND0032,bangalore explorer package,india,bangalore,,4star,breakfast lunch dinner,train cab,iskcon temple bangalore bangalore local market bangalore city museum sunset view point heritage walk famous temple botanical garden riverfront photography spots,sightseeing local food tour photography,temple,religious,4.6,16999
IND0033,hyderabad explorer package,india,hyderabad,,5star,breakfast lunch dinner,train cab,charminar hyderabad local market hyderabad city museum sunset view point heritage walk famous temple botanical garden riverfront photography spots,sightseeing local food tour photography,landmark,historical,4.5,37999
IND0034,hyderabad explorer package,india,hyderabad,,5star,breakfast dinner,flight cab,golconda fort hyderabad local market hyderabad city museum sunset view point heritage walk famous temple botanical garden riverfront photography spots,sightseeing local food tour photography,fort,historical,4.4,20999
IND0035,hyderabad explorer package,india,hyderabad,,3star,breakfast,ac coach,hussain sagar lake hyderabad local market hyderabad city museum sunset view point heritage walk famous temple botanical garden riverfront photography spots,sightseeing local food tour photography,lake,scenic,4.3,35999
IND0036,hyderabad explorer package,india,hyderabad,,3star,breakfast lunch dinner,ac coach,ramoji film city hyderabad local market hyderabad city museum sunset view point heritage walk famous temple botanical garden riverfront photography spots,sightseeing local food tour photography,film studio,entertainment,4.4,18999
IND0037,hyderabad explorer package,india,hyderabad,,3star,breakfast,private cab,salar jung museum hyderabad local market hyderabad city museum sunset view point heritage walk famous temple botanical garden riverfront photography spots,sightseeing local food tour photography,museum,historical,4.4,37999
IND0038,hyderabad explorer package,india,hyderabad,,3star,breakfast dinner,private cab,qutb shahi tombs hyderabad local market hyderabad city museum sunset view point heritage walk famous temple botanical garden riverfront photography spots,sightseeing local food tour photography,tombs,historical,4.4,18999
IND0039,hyderabad explorer package,india,hyderabad,,5star,breakfast lunch dinner,train cab,birla mandir hyderabad local market hyderabad city museum sunset view point heritage walk famous temple botanical garden riverfront photography spots,sightseeing local food tour photography,temple,religious,4.7,37999
IND0040,hyderabad explorer package,india,hyderabad,,luxury heritage,breakfast,train cab,chowmahalla palace hyderabad local market hyderabad city museum sunset view point heritage walk famous temple botanical garden riverfront photography spots,sightseeing local food tour photography,palace,historical,4.4,20999
IND0041,hyderabad explorer package,india,hyderabad,,3star,breakfast,train cab,nehru zoological park hyderabad local market hyderabad city museum sunset view point heritage walk famous temple botanical garden riverfront photography spots,sightseeing local food tour photography,zoo,wildlife,4.2,31999
IND0042,hyderabad explorer package,india,hyderabad,,luxury heritage,breakfast dinner,private cab,lumbini park hyderabad local market hyderabad city museum sunset view point heritage walk famous temple botanical garden riverfront photography spots,sightseeing local food tour photography,park,recreational,4.1,30999
IND0043,kolkata explorer package,india,kolkata,,luxury heritage,breakfast lunch dinner,flight cab,victoria memorial kolkata local market kolkata city museum sunset view point heritage walk famous temple botanical garden riverfront photography spots,sightseeing local food tour photography,museum,historical,4.6,14999
IND0044,kolkata explorer package,india,kolkata,,4star,breakfast,train cab,howrah bridge kolkata local market kolkata city museum sunset view point heritage walk famous temple botanical garden riverfront photography spots,sightseeing local food tour photography,bridge,architectural,4.6,16999
IND0045,kolkata explorer package,india,kolkata,,4star,breakfast dinner,train cab,indian museum kolkata local market kolkata city museum sunset view point heritage walk famous temple botanical garden riverfront photography spots,sightseeing local food tour photography,museum,historical,4.6,24999
IND0046,kolkata explorer package,india,kolkata,,luxury heritage,breakfast lunch dinner,private cab,dakshineswar kali temple kolkata local market kolkata city museum sunset view point heritage walk famous temple botanical garden riverfront photography spots,sightseeing local food tour photography,temple,religious,4.7,18999
IND0047,kolkata explorer package,india,kolkata,,3star,breakfast,ac coach,kalighat kali temple kolkata local market kolkata city museum sunset view point heritage walk famous temple botanical garden riverfront photography spots,sightseeing local food tour photography,temple,religious,4.4,14999
IND0048,kolkata explorer package,india,kolkata,,luxury heritage,breakfast,train cab,eden gardens kolkata local market kolkata city museum sunset view point heritage walk famous temple botanical garden riverfront photography spots,sightseeing local food tour photography,cricket ground,sports,4.1,35999
IND0049,kolkata explorer package,india,kolkata,,luxury heritage,breakfast,train cab,alipore zoological gardens kolkata local market kolkata city museum sunset view point heritage walk famous temple botanical garden riverfront photography spots,sightseeing local food tour photography,zoo,wildlife,4.3,16999
IND0050,kolkata explorer package,india,kolkata,,5star,breakfast dinner,train cab,science city kolkata kolkata local market kolkata city museum sunset view point heritage walk famous temple botanical garden riverfront photography spots,sightseeing local food tour photography,science,educational,4.4,30999
IND0051,kolkata explorer package,india,kolkata,,5star,breakfast,private cab,belur math kolkata local market kolkata city museum sunset view point heritage walk famous temple botanical garden riverfront photography spots,sightseeing local food tour photography,site,religious,4.7,20999
IND0052,kolkata explorer package,india,kolkata,,5star,breakfast,private cab,marble palace kolkata local market kolkata city museum sunset view point heritage walk famous temple botanical garden riverfront photography spots,sightseeing local food tour photography,palace,historical,4.4,35999
IND0053,goa explorer package,india,goa,,4star,breakfast,private cab,calangute beach goa local market goa city museum sunset view point heritage walk famous temple botanical garden riverfront photography spots,water sports beach walk sunset cruise,beach,scenic,4.4,41999
IND0054,goa explorer package,india,goa,,3star,breakfast lunch dinner,ac coach,basilica of bom jesus goa local market goa city museum sunset view point heritage walk famous temple botanical garden riverfront photography spots,sightseeing local food tour photography,church,historical,4.5,18999
IND0055,goa explorer package,india,goa,,4star,breakfast lunch dinner,private cab,fort aguada goa local market goa city museum sunset view point heritage walk famous temple botanical garden riverfront photography spots,sightseeing local food tour photography,fort,historical,4.2,29999
IND0056,goa explorer package,india,goa,,luxury heritage,breakfast lunch dinner,flight cab,dudhsagar falls goa local market goa city museum sunset view point heritage walk famous temple botanical garden riverfront photography spots,sightseeing local food tour photography,waterfall,nature,4.6,35999
IND0057,goa explorer package,india,goa,,5star,breakfast,flight cab,anjuna beach goa local market goa city museum sunset view point heritage walk famous temple botanical garden riverfront photography spots,water sports beach walk sunset cruise,beach,scenic,4.4,26999
IND0058,goa explorer package,india,goa,,5star,breakfast dinner,flight cab,chapora fort goa local market goa city museum sunset view point heritage walk famous temple botanical garden riverfront photography spots,sightseeing local food tour photography,fort,historical,4.2,31999
IND0059,goa explorer package,india,goa,,luxury heritage,breakfast lunch dinner,private cab,se cathedral goa local market goa city museum sunset view point heritage walk famous temple botanical garden riverfront photography spots,sightseeing local food tour photography,church,historical,4.5,14999
IND0060,goa explorer package,india,goa,,5star,breakfast,flight cab,baga beach goa local market goa city museum sunset view point heritage walk famous temple botanical garden riverfront photography spots,water sports beach walk sunset cruise,beach,scenic,4.5,16999
IND0061,goa explorer package,india,goa,,5star,breakfast dinner,ac coach,arambol beach goa local market goa city museum sunset view point heritage walk famous temple botanical garden riverfront photography spots,water sports beach walk sunset cruise,beach,scenic,4.6,16999
IND0062,goa explorer package,india,goa,,3star,breakfast lunch dinner,flight cab,palolem beach goa local market goa city museum sunset view point heritage walk famous temple botanical garden riverfront photography spots,water sports beach walk sunset cruise,beach,scenic,4.6,33999
IND0063,goa explorer package,india,goa,,5star,breakfast,private cab,colva beach goa local market goa city museum sunset view point heritage walk famous temple botanical garden riverfront photography spots,water sports beach walk sunset cruise,beach,scenic,4.3,16999
IND0064,goa explorer package,india,goa,,5star,breakfast dinner,ac coach,miramar beach goa local market goa city museum sunset view point heritage walk famous temple botanical garden riverfront photography spots,water sports beach walk sunset cruise,beach,scenic,4.2,37999
IND0065,goa explorer package,india,goa,,5star,breakfast lunch dinner,train cab,aguada beach goa local market goa city museum sunset view point heritage walk famous temple botanical garden riverfront photography spots,water sports beach walk sunset cruise,beach,scenic,4.5,26999
IND0066,goa explorer package,india,goa,,3star,breakfast lunch dinner,train cab,dr salim ali bird santuary goa local market goa city museum sunset view point heritage walk famous temple botanical garden riverfront photography spots,sightseeing local food tour photography,bird sanctuary,wildlife,3.9,24999
IND0067,ahmedabad explorer package,india,ahmedabad,,3star,breakfast dinner,ac coach,sabarmati ashram ahmedabad local market ahmedabad city museum sunset view point heritage walk famous temple botanical garden riverfront photography spots,guided tour museum visit photography,historical,historical,4.6,24999
IND0068,dwarka explorer package,india,dwarka,,luxury heritage,breakfast lunch dinner,train cab,dwarkadhish temple dwarka local market dwarka city museum sunset view point heritage walk famous temple botanical garden riverfront photography spots,sightseeing local food tour photography,temple,religious,4.7,26999
IND0069,junagadh explorer package,india,junagadh,,3star,breakfast,ac coach,gir national park junagadh local market junagadh city museum sunset view point heritage walk famous temple botanical garden riverfront photography spots,sightseeing local food tour photography,national park,wildlife,4.5,35999
IND0070,bhuj explorer package,india,bhuj,,5star,breakfast lunch dinner,ac coach,white desert bhuj local market bhuj city museum sunset view point heritage walk famous temple botanical garden riverfront photography spots,sightseeing local food tour photography,site,nature,4.6,35999
IND0071,vadodara explorer package,india,vadodara,,3star,breakfast dinner,flight cab,laxmi vilas palace vadodara local market vadodara city museum sunset view point heritage walk famous temple botanical garden riverfront photography spots,sightseeing local food tour photography,palace,historical,4.4,31999
IND0072,somnath explorer package,india,somnath,,4star,breakfast lunch dinner,ac coach,somnath temple somnath local market somnath city museum sunset view point heritage walk famous temple botanical garden riverfront photography spots,sightseeing local food tour photography,temple,religious,4.8,18999
IND0073,rann of kutch explorer package,india,rann of kutch,,luxury heritage,breakfast lunch dinner,ac coach,rann utsav rann of kutch local market rann of kutch city museum sunset view point heritage walk famous temple botanical garden riverfront photography spots,sightseeing local food tour photography,cultural,cultural,4.9,18999
IND0074,kevadia explorer package,india,kevadia,,4star,breakfast dinner,private cab,statue of unity kevadia local market kevadia city museum sunset view point heritage walk famous temple botanical garden riverfront photography spots,sightseeing local food tour photography,monument,historical,4.6,20999
IND0075,gandhinagar explorer package,india,gandhinagar,,luxury heritage,breakfast lunch dinner,ac coach,dandi kutir gandhinagar local market gandhinagar city museum sunset view point heritage walk famous temple botanical garden riverfront photography spots,sightseeing local food tour photography,museum,historical,4.5,22999
IND0076,ahmedabad explorer package,india,ahmedabad,,3star,breakfast dinner,private cab,sabarmati riverfront ahmedabad local market ahmedabad city museum sunset view point heritage walk famous temple botanical garden riverfront photography spots,sightseeing local food tour photography,urban development project,recreational,4.6,26999
IND0077,ahmedabad explorer package,india,ahmedabad,,4star,breakfast dinner,flight cab,manek chowk ahmedabad local market ahmedabad city museum sunset view point heritage walk famous temple botanical garden riverfront photography spots,sightseeing local food tour photography,market,food,4.4,31999
IND0078,ahmedabad explorer package,india,ahmedabad,,4star,breakfast,ac coach,kankaria lake ahmedabad local market ahmedabad city museum sunset view point heritage walk famous temple botanical garden riverfront photography spots,sightseeing local food tour photography,lake,recreational,4.5,26999
IND0079,ahmedabad explorer package,india,ahmedabad,,5star,breakfast,flight cab,science city ahmedabad local market ahmedabad city museum sunset view point heritage walk famous temple botanical garden riverfront photography spots,sightseeing local food tour photography,science,educational,4.4,33999
IND0080,jaipur explorer package,india,jaipur,,5star,breakfast,private cab,hawa mahal jaipur local market jaipur city museum sunset view point heritage walk famous temple botanical garden riverfront photography spots,sightseeing local food tour photography,palace,architectural,4.4,30999
IND0081,udaipur explorer package,india,udaipur,,5star,breakfast,private cab,city palace udaipur local market udaipur city museum sunset view point heritage walk famous temple botanical garden riverfront photography spots,sightseeing local food tour photography,palace,historical,4.4,26999
IND0082,jaisalmer explorer package,india,jaisalmer,,5star,breakfast lunch dinner,flight cab,jaisalmer fort jaisalmer local market jaisalmer city museum sunset view point heritage walk famous temple botanical garden riverfront photography spots,sightseeing local food tour photography,fort,historical,4.4,41999
IND0083,sawai madhopur explorer package,india,sawai madhopur,,luxury heritage,breakfast lunch dinner,ac coach,ranthambore national park sawai madhopur local market sawai madhopur city museum sunset view point heritage walk famous temple botanical garden riverfront photography spots,sightseeing local food tour photography,wildlife sanctuary,wildlife,4.6,29999
IND0084,pushkar explorer package,india,pushkar,,luxury heritage,breakfast,ac coach,pushkar lake pushkar local market pushkar city museum sunset view point heritage walk famous temple botanical garden riverfront photography spots,sightseeing local food tour photography,temple,religious,4.4,24999
IND0085,ajmer explorer package,india,ajmer,,3star,breakfast lunch dinner,flight cab,ajmer sharif dargah ajmer local market ajmer city museum sunset view point heritage walk famous temple botanical garden riverfront photography spots,sightseeing local food tour photography,shrine,religious,4.6,30999
IND0086,jodhpur explorer package,india,jodhpur,,3star,breakfast lunch dinner,flight cab,mehrangarh fort jodhpur local market jodhpur city museum sunset view point heritage walk famous temple botanical garden riverfront photography spots,sightseeing local food tour photography,fort,historical,4.6,39999
IND0087,chittorgarh explorer package,india,chittorgarh,,luxury heritage,breakfast dinner,train cab,chittorgarh fort chittorgarh local market chittorgarh city museum sunset view point heritage walk famous temple botanical garden riverfront photography spots,sightseeing local food tour photography,fort,historical,4.6,39999
IND0088,mount abu explorer package,india,mount abu,,4star,breakfast dinner,train cab,dilwara temples mount abu local market mount abu city museum sunset view point heritage walk famous temple botanical garden riverfront photography spots,sightseeing local food tour photography,temple,religious,4.6,26999
IND0089,bikaner explorer package,india,bikaner,,luxury heritage,breakfast lunch dinner,private cab,junagarh fort bikaner local market bikaner city museum sunset view point heritage walk famous temple botanical garden riverfront photography spots,sightseeing local food tour photography,fort,historical,4.5,22999
IND0090,jaipur explorer package,india,jaipur,,4star,breakfast dinner,flight cab,amber fort jaipur local market jaipur city museum sunset view point heritage walk famous temple botanical garden riverfront photography spots,sightseeing local food tour photography,fort,historical,4.6,28999
IND0091,jaipur explorer package,india,jaipur,,luxury heritage,breakfast lunch dinner,ac coach,jaigarh fort jaipur local market jaipur city museum sunset view point heritage walk famous temple botanical garden riverfront photography spots,sightseeing local food tour photography,fort,historical,4.5,35999
IND0092,udaipur explorer package,india,udaipur,,4star,breakfast lunch dinner,private cab,lake pichola udaipur local market udaipur city museum sunset view point heritage walk famous temple botanical garden riverfront photography spots,sightseeing local food tour photography,lake,nature,4.6,41999
IND0093,amritsar explorer package,india,amritsar,,3star,breakfast,flight cab,golden temple harmandir sahib amritsar local market amritsar city museum sunset view point heritage walk famous temple botanical garden riverfront photography spots,sightseeing local food tour photography,religious site,spiritual,4.9,28999
IND0094,amritsar explorer package,india,amritsar,,4star,breakfast,private cab,jallianwala bagh amritsar local market amritsar city museum sunset view point heritage walk famous temple botanical garden riverfront photography spots,sightseeing local food tour photography,memorial,historical,4.8,20999
IND0095,amritsar explorer package,india,amritsar,,3star,breakfast dinner,train cab,wagah border amritsar local market amritsar city museum sunset view point heritage walk famous temple botanical garden riverfront photography spots,sightseeing local food tour photography,border crossing,cultural,4.8,24999
IND0096,chandigarh explorer package,india,chandigarh,,luxury heritage,breakfast dinner,train cab,rock garden chandigarh local market chandigarh city museum sunset view point heritage walk famous temple botanical garden riverfront photography spots,sightseeing local food tour photography,sculpture garden,artistic,4.5,37999
IND0097,alappuzha explorer package,india,alappuzha,,3star,breakfast,train cab,alappuzha beach alappuzha local market alappuzha city museum sunset view point heritage walk famous temple botanical garden riverfront photography spots,water sports beach walk sunset cruise,beach,recreational,4.5,20999
IND0098,munnar explorer package,india,munnar,,luxury heritage,breakfast,ac coach,munnar tea gardens munnar local market munnar city museum sunset view point heritage walk famous temple botanical garden riverfront photography spots,sightseeing local food tour photography,scenic area,nature,4.3,20999
IND0099,kochi explorer package,india,kochi,,4star,breakfast dinner,flight cab,fort kochi kochi local market kochi city museum sunset view point heritage walk famous temple botanical garden riverfront photography spots,sightseeing local food tour photography,site,historical,4.4,20999
IND0100,thiruvananthapuram explorer package,india,thiruvananthapuram,,luxury heritage,breakfast,train cab,padmanabhaswamy temple thiruvananthapuram local market thiruvananthapuram city museum sunset view point heritage walk famous temple botanical garden riverfront photography spots,sightseeing local food tour photography,temple,religious,4.7,35999
IND0101,kozhikode explorer package,india,kozhikode,,4star,breakfast lunch dinner,flight cab,kozhikode beach kozhikode local market kozhikode city museum sunset view point heritage walk famous temple botanical garden riverfront photography spots,water sports beach walk sunset cruise,beach,recreational,3.9,33999
IND0102,wayanad explorer package,india,wayanad,,4star,breakfast dinner,train cab,wayanad wildlife sanctuary wayanad local market wayanad city museum sunset view point heritage walk famous temple botanical garden riverfront photography spots,sightseeing local food tour photography,wildlife sanctuary,wildlife,4.5,41999
IND0103,thekkady explorer package,india,thekkady,,4star,breakfast dinner,flight cab,periyar national park thekkady local market thekkady city museum sunset view point heritage walk famous temple botanical garden riverfront photography spots,sightseeing local food tour photography,national park,wildlife,4.3,18999
IND0104,kumarakom explorer package,india,kumarakom,,4star,breakfast,ac coach,kumarakom bird sanctuary kumarakom local market kumarakom city museum sunset view point heritage walk famous temple botanical garden riverfront photography spots,sightseeing local food tour photography,bird sanctuary,wildlife,3.8,24999
IND0105,varkala explorer package,india,varkala,,4star,breakfast,train cab,varkala beach varkala local market varkala city museum sunset view point heritage walk famous temple botanical garden riverfront photography spots,water sports beach walk sunset cruise,beach,recreational,4.6,31999
IND0106,bekal explorer package,india,bekal,,luxury heritage,breakfast dinner,private cab,bekal fort bekal local market bekal city museum sunset view point heritage walk famous temple botanical garden riverfront photography spots,sightseeing local food tour photography,fort,historical,4.5,33999
IND0107,kovalam explorer package,india,kovalam,,luxury heritage,breakfast lunch dinner,private cab,kovalam beach kovalam local market kovalam city museum sunset view point heritage walk famous temple botanical garden riverfront photography spots,water sports beach walk sunset cruise,beach,recreational,4.4,24999
IND0108,kannur explorer package,india,kannur,,luxury heritage,breakfast,flight cab,st angelo fort kannur local market kannur city museum sunset view point heritage walk famous temple botanical garden riverfront photography spots,sightseeing local food tour photography,fort,historical,4.4,41999
IND0109,nelliyampathy explorer package,india,nelliyampathy,,luxury heritage,breakfast lunch dinner,ac coach,seethargundu viewpoint nelliyampathy local market nelliyampathy city museum sunset view point heritage walk famous temple botanical garden riverfront photography spots,sightseeing local food tour photography,viewpoint,nature,4.5,30999
IND0110,kochi explorer package,india,kochi,,5star,breakfast dinner,train cab,kerala folklore museum kochi local market kochi city museum sunset view point heritage walk famous temple botanical garden riverfront photography spots,sightseeing local food tour photography,cultural,cultural,4.4,31999
IND0111,kochi explorer package,india,kochi,,5star,breakfast lunch dinner,train cab,wonderla amusement park kochi local market kochi city museum sunset view point heritage walk famous temple botanical garden riverfront photography spots,sightseeing local food tour photography,amusement park,entertainment,4.6,20999
IND0112,mysore explorer package,india,mysore,,4star,breakfast lunch dinner,private cab,mysore palace mysore local market mysore city museum sunset view point heritage walk famous temple botanical garden riverfront photography spots,sightseeing local food tour photography,palace,historical,4.6,24999
IND0113,hampi explorer package,india,hampi,,3star,breakfast lunch dinner,train cab,hampi archaeological ruins hampi local market hampi city museum sunset view point heritage walk famous temple botanical garden riverfront photography spots,sightseeing local food tour photography,site,historical,4.7,29999
IND0114,coorg explorer package,india,coorg,,4star,breakfast,flight cab,abbey falls coorg local market coorg city museum sunset view point heritage walk famous temple botanical garden riverfront photography spots,sightseeing local food tour photography,waterfall,nature,4.1,24999
IND0115,gokarna explorer package,india,gokarna,,4star,breakfast dinner,flight cab,om beach gokarna local market gokarna city museum sunset view point heritage walk famous temple botanical garden riverfront photography spots,water sports beach walk sunset cruise,beach,nature,4.5,33999
IND0116,chikmagalur explorer package,india,chikmagalur,,5star,breakfast dinner,flight cab,mullayanagiri chikmagalur local market chikmagalur city museum sunset view point heritage walk famous temple botanical garden riverfront photography spots,sightseeing local food tour photography,mountain peak,nature,4.5,30999
IND0117,badami explorer package,india,badami,,3star,breakfast lunch dinner,private cab,badami cave temples badami local market badami city museum sunset view point heritage walk famous temple botanical garden riverfront photography spots,sightseeing local food tour photography,cave,religious,4.6,20999
IND0118,shivamogga explorer package,india,shivamogga,,3star,breakfast lunch dinner,private cab,jog falls shivamogga local market shivamogga city museum sunset view point heritage walk famous temple botanical garden riverfront photography spots,sightseeing local food tour photography,waterfall,nature,4.6,26999
IND0119,mangalore explorer package,india,mangalore,,4star,breakfast,ac coach,panambur beach mangalore local market mangalore city museum sunset view point heritage walk famous temple botanical garden riverfront photography spots,water sports beach walk sunset cruise,beach,recreational,4.5,16999
IND0120,murudeshwar explorer package,india,murudeshwar,,luxury heritage,breakfast lunch dinner,private cab,murudeshwar temple murudeshwar local market murudeshwar city museum sunset view point heritage walk famous temple botanical garden riverfront photography spots,sightseeing local food tour photography,temple,religious,4.7,20999
IND0121,bijapur explorer package,india,bijapur,,luxury heritage,breakfast lunch dinner,flight cab,gol gumbaz bijapur local market bijapur city museum sunset view point heritage walk famous temple botanical garden riverfront photography spots,sightseeing local food tour photography,mausoleum,historical,4.5,37999
IND0122,bandipur explorer package,india,bandipur,,3star,breakfast,flight cab,bandipur national park bandipur local market bandipur city museum sunset view point heritage walk famous temple botanical garden riverfront photography spots,sightseeing local food tour photography,national park,wildlife,4.4,26999
IND0123,halebidu explorer package,india,halebidu,,5star,breakfast lunch dinner,train cab,halebidu hoysaleswara temple halebidu local market halebidu city museum sunset view point heritage walk famous temple botanical garden riverfront photography spots,sightseeing local food tour photography,temple,religious,4.7,14999
IND0124,pune explorer package,india,pune,,3star,breakfast lunch dinner,ac coach,shaniwar wada pune local market pune city museum sunset view point heritage walk famous temple botanical garden riverfront photography spots,sightseeing local food tour photography,fort,historical,4.4,31999
IND0125,aurangabad explorer package,india,aurangabad,,3star,breakfast lunch dinner,private cab,ajanta caves aurangabad local market aurangabad city museum sunset view point heritage walk famous temple botanical garden riverfront photography spots,sightseeing local food tour photography,cave,historical,4.6,18999
IND0126,nashik explorer package,india,nashik,,5star,breakfast,flight cab,sula vineyards nashik local market nashik city museum sunset view point heritage walk famous temple botanical garden riverfront photography spots,sightseeing local food tour photography,vineyard,recreational,4.1,30999
IND0127,shirdi explorer package,india,shirdi,,luxury heritage,breakfast,train cab,sai baba temple shirdi local market shirdi city museum sunset view point heritage walk famous temple botanical garden riverfront photography spots,sightseeing local food tour photography,temple,religious,4.7,20999
IND0128,alibaug explorer package,india,alibaug,,4star,breakfast dinner,ac coach,alibaug beach alibaug local market alibaug city museum sunset view point heritage walk famous temple botanical garden riverfront photography spots,water sports beach walk sunset cruise,beach,recreational,4.2,30999
IND0129,ratnagiri explorer package,india,ratnagiri,,luxury heritage,breakfast dinner,train cab,ganapatipule temple ratnagiri local market ratnagiri city museum sunset view point heritage walk famous temple botanical garden riverfront photography spots,sightseeing local food tour photography,temple,religious,4.7,39999
IND0130,nagpur explorer package,india,nagpur,,5star,breakfast,private cab,deekshabhoomi nagpur local market nagpur city museum sunset view point heritage walk famous temple botanical garden riverfront photography spots,sightseeing local food tour photography,monument,religious,4.5,39999
IND0131,kolhapur explorer package,india,kolhapur,,4star,breakfast dinner,train cab,mahalakshmi temple kolhapur local market kolhapur city museum sunset view point heritage walk famous temple botanical garden riverfront photography spots,sightseeing local food tour photography,temple,religious,4.8,30999
IND0132,lonavala explorer package,india,lonavala,,luxury heritage,breakfast dinner,ac coach,karla caves lonavala local market lonavala city museum sunset view point heritage walk famous temple botanical garden riverfront photography spots,sightseeing local food tour photography,cave,historical,4.4,24999
IND0133,tarkarli explorer package,india,tarkarli,,5star,breakfast dinner,flight cab,tarkarli beach tarkarli local market tarkarli city museum sunset view point heritage walk famous temple botanical garden riverfront photography spots,water sports beach walk sunset cruise,beach,recreational,4.6,31999
IND0134,satara explorer package,india,satara,,3star,breakfast lunch dinner,ac coach,kaas plateau satara local market satara city museum sunset view point heritage walk famous temple botanical garden riverfront photography spots,sightseeing local food tour photography,valley,nature,4.4,28999
IND0135,matheran explorer package,india,matheran,,luxury heritage,breakfast dinner,ac coach,echo point matheran local market matheran city museum sunset view point heritage walk famous temple botanical garden riverfront photography spots,sightseeing local food tour photography,viewpoint,nature,4.4,16999
IND0136,ajanta explorer package,india,ajanta,,luxury heritage,breakfast,private cab,ellora caves ajanta local market ajanta city museum sunset view point heritage walk famous temple botanical garden riverfront photography spots,sightseeing local food tour photography,cave,historical,4.7,35999
IND0137,khajuraho explorer package,india,khajuraho,,luxury heritage,breakfast lunch dinner,ac coach,khajuraho group of monuments khajuraho local market khajuraho city museum sunset view point heritage walk famous temple botanical garden riverfront photography spots,sightseeing local food tour photography,temples,cultural,4.7,26999
IND0138,bhopal explorer package,india,bhopal,,luxury heritage,breakfast lunch dinner,flight cab,sanchi stupa bhopal local market bhopal city museum sunset view point heritage walk famous temple botanical garden riverfront photography spots,sightseeing local food tour photography,monument,historical,4.7,28999
IND0139,indore explorer package,india,indore,,5star,breakfast lunch dinner,train cab,rajwada palace indore local market indore city museum sunset view point heritage walk famous temple botanical garden riverfront photography spots,sightseeing local food tour photography,palace,historical,4.4,33999
IND0140,gwalior explorer package,india,gwalior,,5star,breakfast,private cab,gwalior fort gwalior local market gwalior city museum sunset view point heritage walk famous temple botanical garden riverfront photography spots,sightseeing local food tour photography,fort,historical,4.5,28999
IND0141,ujjain explorer package,india,ujjain,,3star,breakfast lunch dinner,ac coach,mahakaleshwar jyotirlinga ujjain local market ujjain city museum sunset view point heritage walk famous temple botanical garden riverfront photography spots,sightseeing local food tour photography,temple,religious,4.8,22999
IND0142,jabalpur explorer package,india,jabalpur,,luxury heritage,breakfast dinner,flight cab,dhuandhar falls jabalpur local market jabalpur city museum sunset view point heritage walk famous temple botanical garden riverfront photography spots,sightseeing local food tour photography,waterfall,nature,4.5,20999
IND0143,pachmarhi explorer package,india,pachmarhi,,5star,breakfast,flight cab,bee falls pachmarhi local market pachmarhi city museum sunset view point heritage walk famous temple botanical garden riverfront photography spots,sightseeing local food tour photography,waterfall,nature,4.6,16999
IND0144,kanha explorer package,india,kanha,,3star,breakfast lunch dinner,ac coach,kanha national park kanha local market kanha city museum sunset view point heritage walk famous temple botanical garden riverfront photography spots,sightseeing local food tour photography,wildlife sanctuary,wildlife,4.5,22999
IND0145,bandhavgarh explorer package,india,bandhavgarh,,3star,breakfast lunch dinner,flight cab,bandhavgarh national park bandhavgarh local market bandhavgarh city museum sunset view point heritage walk famous temple botanical garden riverfront photography spots,sightseeing local food tour photography,national park,wildlife,4.5,24999
IND0146,orchha explorer package,india,orchha,,3star,breakfast,flight cab,orchha fort orchha local market orchha city museum sunset view point heritage walk famous temple botanical garden riverfront photography spots,sightseeing local food tour photography,fort,historical,4.8,24999
IND0147,mandu explorer package,india,mandu,,luxury heritage,breakfast dinner,ac coach,jahaz mahal mandu local market mandu city museum sunset view point heritage walk famous temple botanical garden riverfront photography spots,sightseeing local food tour photography,site,historical,3.9,35999
IND0148,bhimbetka explorer package,india,bhimbetka,,luxury heritage,breakfast,private cab,bhimbetka rock shelters bhimbetka local market bhimbetka city museum sunset view point heritage walk famous temple botanical garden riverfront photography spots,sightseeing local food tour photography,prehistoric site,archaeological,4.6,18999
IND0149,amarkantak explorer package,india,amarkantak,,3star,breakfast lunch dinner,private cab,narmada udgam temple amarkantak local market amarkantak city museum sunset view point heritage walk famous temple botanical garden riverfront photography spots,sightseeing local food tour photography,temple,religious,4.4,35999
IND0150,chitrakoot explorer package,india,chitrakoot,,5star,breakfast,ac coach,chitrakoot falls chitrakoot local market chitrakoot city museum sunset view point heritage walk famous temple botanical garden riverfront photography spots,sightseeing local food tour photography,waterfall,nature,4.4,20999
IND0151,shimla explorer package,india,shimla,,4star,breakfast lunch dinner,train cab,the ridge shimla local market shimla city museum sunset view point heritage walk famous temple botanical garden riverfront photography spots,sightseeing local food tour photography,scenic point,recreational,4.7,20999
IND0152,manali explorer package,india,manali,,5star,breakfast lunch dinner,train cab,solang valley manali local market manali city museum sunset view point heritage walk famous temple botanical garden riverfront photography spots,sightseeing local food tour photography,valley,adventure,4.1,35999
IND0153,dalhousie explorer package,india,dalhousie,,3star,breakfast,ac coach,dalai lama temple dalhousie local market dalhousie city museum sunset view point heritage walk famous temple botanical garden riverfront photography spots,sightseeing local food tour photography,temple,religious,4.7,24999
IND0154,dalhousie explorer package,india,dalhousie,,4star,breakfast,ac coach,khajjiar lake dalhousie local market dalhousie city museum sunset view point heritage walk famous temple botanical garden riverfront photography spots,sightseeing local food tour photography,lake,nature,4.5,24999
IND0155,spiti valley explorer package,india,spiti valley,,4star,breakfast,train cab,key monastery spiti valley local market spiti valley city museum sunset view point heritage walk famous temple botanical garden riverfront photography spots,sightseeing local food tour photography,monastery,religious,4.8,35999
IND0156,kullu explorer package,india,kullu,,5star,breakfast,ac coach,great himalayan national park kullu local market kullu city museum sunset view point heritage walk famous temple botanical garden riverfront photography spots,sightseeing local food tour photography,national park,wildlife,4.5,35999
IND0157,chamba explorer package,india,chamba,,luxury heritage,breakfast,ac coach,chamera lake chamba local market chamba city museum sunset view point heritage walk famous temple botanical garden riverfront photography spots,sightseeing local food tour photography,lake,recreational,4.4,28999
IND0158,kinnaur explorer package,india,kinnaur,,luxury heritage,breakfast,ac coach,sangla valley kinnaur local market kinnaur city museum sunset view point heritage walk famous temple botanical garden riverfront photography spots,sightseeing local food tour photography,valley,nature,4.5,26999
IND0159,kangra explorer package,india,kangra,,4star,breakfast,private cab,kangra fort kangra local market kangra city museum sunset view point heritage walk famous temple botanical garden riverfront photography spots,sightseeing local food tour photography,fort,historical,4.4,22999
IND0160,palampur explorer package,india,palampur,,5star,breakfast dinner,private cab,tea gardens palampur local market palampur city museum sunset view point heritage walk famous temple botanical garden riverfront photography spots,sightseeing local food tour photography,tea plantation,agricultural,4.6,22999
IND0161,mandi explorer package,india,mandi,,luxury heritage,breakfast dinner,train cab,prashar lake mandi local market mandi city museum sunset view point heritage walk famous temple botanical garden riverfront photography spots,sightseeing local food tour photography,lake,nature,4.6,33999
IND0162,bir billing explorer package,india,bir billing,,3star,breakfast dinner,flight cab,paragliding site bir billing local market bir billing city museum sunset view point heritage walk famous temple botanical garden riverfront photography spots,sightseeing local food tour photography,adventure sport,adventure,4.8,29999
IND0163,mcleod ganj explorer package,india,mcleod ganj,,3star,breakfast,ac coach,triund trek mcleod ganj local market mcleod ganj city museum sunset view point heritage walk famous temple botanical garden riverfront photography spots,sightseeing local food tour photography,trekking,adventure,4.8,39999
IND0164,manikaran explorer package,india,manikaran,,5star,breakfast lunch dinner,private cab,manikaran sahib manikaran local market manikaran city museum sunset view point heritage walk famous temple botanical garden riverfront photography spots,sightseeing local food tour photography,gurudwara,religious,4.6,35999
IND0165,narkanda explorer package,india,narkanda,,luxury heritage,breakfast dinner,ac coach,hatu peak narkanda local market narkanda city museum sunset view point heritage walk famous temple botanical garden riverfront photography spots,sightseeing local food tour photography,viewpoint,nature,4.5,24999
IND0166,barot explorer package,india,barot,,luxury heritage,breakfast,train cab,barot valley barot local market barot city museum sunset view point heritage walk famous temple botanical garden riverfront photography spots,sightseeing local food tour photography,valley,nature,4.7,41999
IND0167,shoja explorer package,india,shoja,,5star,breakfast dinner,private cab,serolsar lake shoja local market shoja city museum sunset view point heritage walk famous temple botanical garden riverfront photography spots,sightseeing local food tour photography,lake,nature,4.4,30999
IND0168,kufri explorer package,india,kufri,,luxury heritage,breakfast lunch dinner,train cab,kufri fun world kufri local market kufri city museum sunset view point heritage walk famous temple botanical garden riverfront photography spots,sightseeing local food tour photography,ski resort,recreational,3.8,22999
IND0169,nainital explorer package,india,nainital,,3star,breakfast dinner,private cab,naini lake nainital local market nainital city museum sunset view point heritage walk famous temple botanical garden riverfront photography spots,sightseeing local food tour photography,lake,nature,4.2,30999
IND0170,rishikesh explorer package,india,rishikesh,,5star,breakfast,train cab,laxman jhula rishikesh local market rishikesh city museum sunset view point heritage walk famous temple botanical garden riverfront photography spots,sightseeing local food tour photography,suspension bridge,cultural,4.4,28999
IND0171,haridwar explorer package,india,haridwar,,luxury heritage,breakfast dinner,private cab,har ki pauri haridwar local market haridwar city museum sunset view point heritage walk famous temple botanical garden riverfront photography spots,sightseeing local food tour photography,ghat,religious,4.5,35999
IND0172,dehradun explorer package,india,dehradun,,luxury heritage,breakfast lunch dinner,train cab,robbers cave dehradun local market dehradun city museum sunset view point heritage walk famous temple botanical garden riverfront photography spots,sightseeing local food tour photography,cave,nature,4.5,22999
IND0173,mussoorie explorer package,india,mussoorie,,5star,breakfast lunch dinner,ac coach,kempty falls mussoorie local market mussoorie city museum sunset view point heritage walk famous temple botanical garden riverfront photography spots,sightseeing local food tour photography,waterfall,nature,4.2,16999
IND0174,auli explorer package,india,auli,,luxury heritage,breakfast,private cab,auli ski resort auli local market auli city museum sunset view point heritage walk famous temple botanical garden riverfront photography spots,sightseeing local food tour photography,ski resort,adventure,4.5,30999
IND0175,badrinath explorer package,india,badrinath,,4star,breakfast dinner,private cab,badrinath temple badrinath local market badrinath city museum sunset view point heritage walk famous temple botanical garden riverfront photography spots,sightseeing local food tour photography,temple,religious,4.8,37999
IND0176,almora explorer package,india,almora,,3star,breakfast,private cab,binsar wildlife sanctuary almora local market almora city museum sunset view point heritage walk famous temple botanical garden riverfront photography spots,sightseeing local food tour photography,wildlife sanctuary,wildlife,4.3,41999
IND0177,ranikhet explorer package,india,ranikhet,,4star,breakfast dinner,flight cab,chaubatia gardens ranikhet local market ranikhet city museum sunset view point heritage walk famous temple botanical garden riverfront photography spots,sightseeing local food tour photography,orchard,recreational,4.0,29999
IND0178,jim corbett explorer package,india,jim corbett,,luxury heritage,breakfast dinner,train cab,jim corbett national park jim corbett local market jim corbett city museum sunset view point heritage walk famous temple botanical garden riverfront photography spots,sightseeing local food tour photography,national park,wildlife,4.4,39999
IND0179,uttarkashi explorer package,india,uttarkashi,,4star,breakfast dinner,ac coach,gangotri temple uttarkashi local market uttarkashi city museum sunset view point heritage walk famous temple botanical garden riverfront photography spots,sightseeing local food tour photography,temple,religious,4.8,24999
IND0180,chopta explorer package,india,chopta,,3star,breakfast dinner,train cab,tungnath temple chopta local market chopta city museum sunset view point heritage walk famous temple botanical garden riverfront photography spots,sightseeing local food tour photography,temple,religious,4.8,37999
IND0181,joshimath explorer package,india,joshimath,,3star,breakfast dinner,flight cab,valley of flowers joshimath local market joshimath city museum sunset view point heritage walk famous temple botanical garden riverfront photography spots,sightseeing local food tour photography,national park,nature,4.7,28999
IND0182,agra explorer package,india,agra,,4star,breakfast dinner,train cab,taj mahal agra local market agra city museum sunset view point heritage walk famous temple botanical garden riverfront photography spots,sightseeing local food tour photography,mausoleum,historical,4.6,41999
IND0183,varanasi explorer package,india,varanasi,,luxury heritage,breakfast dinner,flight cab,kashi vishwanath temple varanasi local market varanasi city museum sunset view point heritage walk famous temple botanical garden riverfront photography spots,sightseeing local food tour photography,temple,religious,4.7,28999
IND0184,lucknow explorer package,india,lucknow,,luxury heritage,breakfast,train cab,bara imambara lucknow local market lucknow city museum sunset view point heritage walk famous temple botanical garden riverfront photography spots,sightseeing local food tour photography,monument,historical,4.4,20999
IND0185,mathura explorer package,india,mathura,,luxury heritage,breakfast lunch dinner,train cab,krishna janmabhoomi mathura local market mathura city museum sunset view point heritage walk famous temple botanical garden riverfront photography spots,sightseeing local food tour photography,temple,religious,4.7,18999
IND0186,ayodhya explorer package,india,ayodhya,,luxury heritage,breakfast,ac coach,ram janmabhoomi ayodhya local market ayodhya city museum sunset view point heritage walk famous temple botanical garden riverfront photography spots,sightseeing local food tour photography,religious site,religious,4.8,31999
IND0187,vrindavan explorer package,india,vrindavan,,3star,breakfast dinner,private cab,banke bihari temple vrindavan local market vrindavan city museum sunset view point heritage walk famous temple botanical garden riverfront photography spots,sightseeing local food tour photography,temple,religious,4.8,39999
IND0188,allahabad explorer package,india,allahabad,,3star,breakfast lunch dinner,ac coach,triveni sangam allahabad local market allahabad city museum sunset view point heritage walk famous temple botanical garden riverfront photography spots,sightseeing local food tour photography,confluence,religious,4.5,41999
IND0189,jhansi explorer package,india,jhansi,,3star,breakfast dinner,flight cab,jhansi fort jhansi local market jhansi city museum sunset view point heritage walk famous temple botanical garden riverfront photography spots,sightseeing local food tour photography,fort,historical,4.4,31999
IND0190,sarnath explorer package,india,sarnath,,3star,breakfast dinner,train cab,dhamek stupa sarnath local market sarnath city museum sunset view point heritage walk famous temple botanical garden riverfront photography spots,sightseeing local food tour photography,monument,historical,4.6,30999
IND0191,fatehpur sikri explorer package,india,fatehpur sikri,,3star,breakfast lunch dinner,private cab,buland darwaza fatehpur sikri local market fatehpur sikri city museum sunset view point heritage walk famous temple botanical garden riverfront photography spots,sightseeing local food tour photography,monument,historical,4.4,30999
IND0192,noida explorer package,india,noida,,4star,breakfast lunch dinner,private cab,okhla bird sanctuary noida local market noida city museum sunset view point heritage walk famous temple botanical garden riverfront photography spots,sightseeing local food tour photography,bird sanctuary,wildlife,4.3,22999
IND0193,aligarh explorer package,india,aligarh,,3star,breakfast dinner,ac coach,aligarh fort aligarh local market aligarh city museum sunset view point heritage walk famous temple botanical garden riverfront photography spots,sightseeing local food tour photography,fort,historical,4.1,29999
IND0194,meerut explorer package,india,meerut,,3star,breakfast dinner,private cab,augarnath temple meerut local market meerut city museum sunset view point heritage walk famous temple botanical garden riverfront photography spots,sightseeing local food tour photography,temple,religious,4.8,24999
IND0195,kanpur explorer package,india,kanpur,,5star,breakfast dinner,ac coach,allen forest zoo kanpur local market kanpur city museum sunset view point heritage walk famous temple botanical garden riverfront photography spots,sightseeing local food tour photography,zoo,wildlife,4.2,28999
IND0196,srinagar explorer package,india,srinagar,,4star,breakfast,ac coach,dal lake srinagar local market srinagar city museum sunset view point heritage walk famous temple botanical garden riverfront photography spots,sightseeing local food tour photography,lake,nature,4.6,24999
IND0197,leh explorer package,india,leh,,4star,breakfast dinner,ac coach,pangong tso leh local market leh city museum sunset view point heritage walk famous temple botanical garden riverfront photography spots,sightseeing local food tour photography,lake,nature,4.9,20999
IND0198,pahalgam explorer package,india,pahalgam,,5star,breakfast dinner,flight cab,betaab valley pahalgam local market pahalgam city museum sunset view point heritage walk famous temple botanical garden riverfront photography spots,sightseeing local food tour photography,valley,nature,4.6,24999
IND0199,jammu explorer package,india,jammu,,5star,breakfast lunch dinner,ac coach,vaishno devi jammu local market jammu city museum sunset view point heritage walk famous temple botanical garden riverfront photography spots,sightseeing local food tour photography,temple,religious,4.7,20999
IND0200,udhampur explorer package,india,udhampur,,5star,breakfast lunch dinner,flight cab,patnitop height udhampur local market udhampur city museum sunset view point heritage walk famous temple botanical garden riverfront photography spots,sightseeing local food tour photography,hill,recreational,4.1,20999
IND0201,anantnag explorer package,india,anantnag,,luxury heritage,breakfast dinner,ac coach,amarnath cave anantnag local market anantnag city museum sunset view point heritage walk famous temple botanical garden riverfront photography spots,sightseeing local food tour photography,temple,religious,4.5,33999
IND0202,leh explorer package,india,leh,,3star,breakfast,train cab,thiksey monastery leh local market leh city museum sunset view point heritage walk famous temple botanical garden riverfront photography spots,sightseeing local food tour photography,monastery,religious,4.7,35999
IND0203,nubra valley explorer package,india,nubra valley,,5star,breakfast lunch dinner,flight cab,nubra valley nubra valley local market nubra valley city museum sunset view point heritage walk famous temple botanical garden riverfront photography spots,sightseeing local food tour photography,valley,nature,4.5,39999
IND0204,kargil explorer package,india,kargil,,5star,breakfast,private cab,kargil war memorial kargil local market kargil city museum sunset view point heritage walk famous temple botanical garden riverfront photography spots,sightseeing local food tour photography,war memorial,historical,4.8,20999
IND0205,diskit explorer package,india,diskit,,5star,breakfast,flight cab,diskit monastery diskit local market diskit city museum sunset view point heritage walk famous temple botanical garden riverfront photography spots,sightseeing local food tour photography,monastery,religious,4.7,41999
IND0206,kishtwar explorer package,india,kishtwar,,5star,breakfast lunch dinner,ac coach,kishtwar national park kishtwar local market kishtwar city museum sunset view point heritage walk famous temple botanical garden riverfront photography spots,sightseeing local food tour photography,national park,wildlife,4.3,20999
IND0207,hemis explorer package,india,hemis,,5star,breakfast dinner,private cab,hemis national park hemis local market hemis city museum sunset view point heritage walk famous temple botanical garden riverfront photography spots,sightseeing local food tour photography,national park,wildlife,4.4,14999
IND0208,dras explorer package,india,dras,,4star,breakfast,flight cab,dras war memorial dras local market dras city museum sunset view point heritage walk famous temple botanical garden riverfront photography spots,sightseeing local food tour photography,war memorial,historical,4.8,39999
IND0209,leh explorer package,india,leh,,4star,breakfast,ac coach,magnetic hill leh local market leh city museum sunset view point heritage walk famous temple botanical garden riverfront photography spots,sightseeing local food tour photography,gravity hill,nature,3.7,30999
IND0210,leh explorer package,india,leh,,5star,breakfast,flight cab,khardung la pass leh local market leh city museum sunset view point heritage walk famous temple botanical garden riverfront photography spots,sightseeing local food tour photography,hill,adventure,4.5,39999
IND0211,leh explorer package,india,leh,,5star,breakfast,train cab,thiksey monastery leh local market leh city museum sunset view point heritage walk famous temple botanical garden riverfront photography spots,sightseeing local food tour photography,monastery,religious,4.7,33999
IND0212,vrindavan explorer package,india,vrindavan,,4star,breakfast lunch dinner,train cab,prem mandir vrindavan local market vrindavan city museum sunset view point heritage walk famous temple botanical garden riverfront photography spots,sightseeing local food tour photography,temple,religious,4.8,16999
IND0213,porbandar explorer package,india,porbandar,,3star,breakfast dinner,private cab,kirti mandir porbandar local market porbandar city museum sunset view point heritage walk famous temple botanical garden riverfront photography spots,sightseeing local food tour photography,memorial,historical,4.8,39999
IND0214,mathura explorer package,india,mathura,,luxury heritage,breakfast dinner,flight cab,nand gaon mathura local market mathura city museum sunset view point heritage walk famous temple botanical garden riverfront photography spots,sightseeing local food tour photography,village,cultural,4.1,24999
IND0215,mathura explorer package,india,mathura,,5star,breakfast,ac coach,barsana mandir mathura local market mathura city museum sunset view point heritage walk famous temple botanical garden riverfront photography spots,sightseeing local food tour photography,temple,religious,4.8,41999
IND0216,darjeeling explorer package,india,darjeeling,,5star,breakfast lunch dinner,ac coach,tiger hill darjeeling local market darjeeling city museum sunset view point heritage walk famous temple botanical garden riverfront photography spots,sightseeing local food tour photography,sunrise point,nature,4.5,29999
IND0217,siliguri explorer package,india,siliguri,,5star,breakfast lunch dinner,train cab,jaldapara national park siliguri local market siliguri city museum sunset view point heritage walk famous temple botanical garden riverfront photography spots,sightseeing local food tour photography,wildlife sanctuary,wildlife,4.4,20999
IND0218,sundarbans explorer package,india,sundarbans,,3star,breakfast,flight cab,sundarbans national park sundarbans local market sundarbans city museum sunset view point heritage walk famous temple botanical garden riverfront photography spots,sightseeing local food tour photography,national park,wildlife,4.4,16999
IND0219,digha explorer package,india,digha,,3star,breakfast,ac coach,digha beach digha local market digha city museum sunset view point heritage walk famous temple botanical garden riverfront photography spots,water sports beach walk sunset cruise,beach,recreational,4.5,29999
IND0220,murshidabad explorer package,india,murshidabad,,5star,breakfast lunch dinner,train cab,hazarduari palace murshidabad local market murshidabad city museum sunset view point heritage walk famous temple botanical garden riverfront photography spots,sightseeing local food tour photography,palace,historical,4.5,35999
IND0221,bolpur explorer package,india,bolpur,,luxury heritage,breakfast lunch dinner,private cab,kankalitala temple bolpur local market bolpur city museum sunset view point heritage walk famous temple botanical garden riverfront photography spots,sightseeing local food tour photography,temple,religious,4.7,37999
IND0222,hooghly explorer package,india,hooghly,,5star,breakfast,flight cab,hangseswari temple hooghly local market hooghly city museum sunset view point heritage walk famous temple botanical garden riverfront photography spots,sightseeing local food tour photography,temple,architectural,4.6,35999
IND0223,jalpaiguri explorer package,india,jalpaiguri,,luxury heritage,breakfast,flight cab,gorumara national park jalpaiguri local market jalpaiguri city museum sunset view point heritage walk famous temple botanical garden riverfront photography spots,sightseeing local food tour photography,national park,wildlife,4.4,24999
IND0224,cooch behar explorer package,india,cooch behar,,5star,breakfast,train cab,cooch behar palace cooch behar local market cooch behar city museum sunset view point heritage walk famous temple botanical garden riverfront photography spots,sightseeing local food tour photography,palace,historical,4.5,18999
IND0225,purulia explorer package,india,purulia,,3star,breakfast dinner,private cab,ayodhya hills purulia local market purulia city museum sunset view point heritage walk famous temple botanical garden riverfront photography spots,sightseeing local food tour photography,hill,nature,4.5,26999
IND0226,puri explorer package,india,puri,,3star,breakfast dinner,ac coach,jagannath temple puri local market puri city museum sunset view point heritage walk famous temple botanical garden riverfront photography spots,sightseeing local food tour photography,temple,religious,4.7,18999
IND0227,konark explorer package,india,konark,,3star,breakfast lunch dinner,ac coach,sun temple konark local market konark city museum sunset view point heritage walk famous temple botanical garden riverfront photography spots,sightseeing local food tour photography,temple,historical,4.7,20999
IND0228,bhubaneswar explorer package,india,bhubaneswar,,4star,breakfast dinner,ac coach,lingaraj temple bhubaneswar local market bhubaneswar city museum sunset view point heritage walk famous temple botanical garden riverfront photography spots,sightseeing local food tour photography,temple,religious,4.6,37999
IND0229,rourkela explorer package,india,rourkela,,5star,breakfast,ac coach,khandadhar waterfall rourkela local market rourkela city museum sunset view point heritage walk famous temple botanical garden riverfront photography spots,sightseeing local food tour photography,waterfall,nature,4.5,35999
IND0230,cuttack explorer package,india,cuttack,,4star,breakfast,private cab,barabati fort cuttack local market cuttack city museum sunset view point heritage walk famous temple botanical garden riverfront photography spots,sightseeing local food tour photography,fort,historical,4.5,39999
IND0231,sambalpur explorer package,india,sambalpur,,5star,breakfast,flight cab,hirakud dam sambalpur local market sambalpur city museum sunset view point heritage walk famous temple botanical garden riverfront photography spots,sightseeing local food tour photography,dam,engineering marvel,4.5,18999
IND0232,chilika explorer package,india,chilika,,5star,breakfast,ac coach,chilika lake chilika local market chilika city museum sunset view point heritage walk famous temple botanical garden riverfront photography spots,sightseeing local food tour photography,lake,nature,3.9,16999
IND0233,berhampur explorer package,india,berhampur,,3star,breakfast dinner,train cab,tara tarini temple berhampur local market berhampur city museum sunset view point heritage walk famous temple botanical garden riverfront photography spots,sightseeing local food tour photography,temple,religious,4.6,29999
IND0234,keonjhar explorer package,india,keonjhar,,luxury heritage,breakfast lunch dinner,ac coach,badaghagara waterfall keonjhar local market keonjhar city museum sunset view point heritage walk famous temple botanical garden riverfront photography spots,sightseeing local food tour photography,waterfall,nature,4.3,24999
IND0235,balasore explorer package,india,balasore,,5star,breakfast dinner,private cab,chandipur beach balasore local market balasore city museum sunset view point heritage walk famous temple botanical garden riverfront photography spots,water sports beach walk sunset cruise,beach,recreational,4.2,35999
IND0236,kendujhar explorer package,india,kendujhar,,luxury heritage,breakfast dinner,private cab,sanaghagara waterfall kendujhar local market kendujhar city museum sunset view point heritage walk famous temple botanical garden riverfront photography spots,sightseeing local food tour photography,waterfall,nature,4.4,20999
IND0237,chennai explorer package,india,chennai,,3star,breakfast,flight cab,marina beach chennai local market chennai city museum sunset view point heritage walk famous temple botanical garden riverfront photography spots,water sports beach walk sunset cruise,beach,recreational,3.9,35999
IND0238,madurai explorer package,india,madurai,,3star,breakfast,flight cab,meenakshi amman temple madurai local market madurai city museum sunset view point heritage walk famous temple botanical garden riverfront photography spots,sightseeing local food tour photography,temple,religious,4.7,37999
IND0239,rameswaram explorer package,india,rameswaram,,luxury heritage,breakfast lunch dinner,flight cab,ramanathaswamy temple rameswaram local market rameswaram city museum sunset view point heritage walk famous temple botanical garden riverfront photography spots,sightseeing local food tour photography,temple,religious,4.6,39999
IND0240,kanyakumari explorer package,india,kanyakumari,,3star,breakfast lunch dinner,private cab,vivekananda rock memorial kanyakumari local market kanyakumari city museum sunset view point heritage walk famous temple botanical garden riverfront photography spots,sightseeing local food tour photography,memorial,historical,4.6,35999
IND0241,ooty explorer package,india,ooty,,luxury heritage,breakfast dinner,ac coach,ooty lake ooty local market ooty city museum sunset view point heritage walk famous temple botanical garden riverfront photography spots,sightseeing local food tour photography,lake,recreational,4.1,37999
IND0242,coimbatore explorer package,india,coimbatore,,luxury heritage,breakfast dinner,train cab,marudamalai temple coimbatore local market coimbatore city museum sunset view point heritage walk famous temple botanical garden riverfront photography spots,sightseeing local food tour photography,temple,religious,4.7,33999
IND0243,kodaikanal explorer package,india,kodaikanal,,luxury heritage,breakfast dinner,flight cab,kodaikanal lake kodaikanal local market kodaikanal city museum sunset view point heritage walk famous temple botanical garden riverfront photography spots,sightseeing local food tour photography,lake,recreational,3.9,18999
IND0244,thanjavur explorer package,india,thanjavur,,luxury heritage,breakfast,private cab,brihadeeswarar temple thanjavur local market thanjavur city museum sunset view point heritage walk famous temple botanical garden riverfront photography spots,sightseeing local food tour photography,temple,religious,4.8,26999
IND0245,mahabalipuram explorer package,india,mahabalipuram,,luxury heritage,breakfast,flight cab,shore temple mahabalipuram local market mahabalipuram city museum sunset view point heritage walk famous temple botanical garden riverfront photography spots,sightseeing local food tour photography,temple,historical,4.6,14999
IND0246,yercaud explorer package,india,yercaud,,5star,breakfast lunch dinner,private cab,yercaud lake yercaud local market yercaud city museum sunset view point heritage walk famous temple botanical garden riverfront photography spots,sightseeing local food tour photography,lake,recreational,4.2,18999
IND0247,tirunelveli explorer package,india,tirunelveli,,luxury heritage,breakfast lunch dinner,private cab,nellaiappar temple tirunelveli local market tirunelveli city museum sunset view point heritage walk famous temple botanical garden riverfront photography spots,sightseeing local food tour photography,temple,religious,4.6,33999
IND0248,chidambaram explorer package,india,chidambaram,,5star,breakfast,ac coach,nataraja temple chidambaram local market chidambaram city museum sunset view point heritage walk famous temple botanical garden riverfront photography spots,sightseeing local food tour photography,temple,religious,4.7,28999
IND0249,vijayawada explorer package,india,vijayawada,,4star,breakfast,flight cab,kanaka durga temple vijayawada local market vijayawada city museum sunset view point heritage walk famous temple botanical garden riverfront photography spots,sightseeing local food tour photography,temple,religious,4.7,24999
IND0250,visakhapatnam explorer package,india,visakhapatnam,,3star,breakfast dinner,ac coach,rishikonda beach visakhapatnam local market visakhapatnam city museum sunset view point heritage walk famous temple botanical garden riverfront photography spots,water sports beach walk sunset cruise,beach,recreational,4.5,39999
IND0251,srisailam explorer package,india,srisailam,,5star,breakfast,ac coach,mallikarjuna swamy temple srisailam local market srisailam city museum sunset view point heritage walk famous temple botanical garden riverfront photography spots,sightseeing local food tour photography,temple,religious,4.7,29999
IND0252,rajahmundry explorer package,india,rajahmundry,,5star,breakfast dinner,private cab,papikondalu rajahmundry local market rajahmundry city museum sunset view point heritage walk famous temple botanical garden riverfront photography spots,sightseeing local food tour photography,hill,nature,4.3,28999
IND0253,anantapur explorer package,india,anantapur,,luxury heritage,breakfast,ac coach,lepakshi anantapur local market anantapur city museum sunset view point heritage walk famous temple botanical garden riverfront photography spots,sightseeing local food tour photography,site,historical,4.6,20999
IND0254,kurnool explorer package,india,kurnool,,4star,breakfast dinner,train cab,belum caves kurnool local market kurnool city museum sunset view point heritage walk famous temple botanical garden riverfront photography spots,sightseeing local food tour photography,cave,natural wonder,4.4,14999
IND0255,amravati explorer package,india,amravati,,4star,breakfast dinner,flight cab,amaravathi temple amravati local market amravati city museum sunset view point heritage walk famous temple botanical garden riverfront photography spots,sightseeing local food tour photography,temple,religious,4.7,33999
IND0256,guntur explorer package,india,guntur,,3star,breakfast,ac coach,uppalapadu bird sanctuary guntur local market guntur city museum sunset view point heritage walk famous temple botanical garden riverfront photography spots,sightseeing local food tour photography,bird sanctuary,wildlife,4.4,24999
IND0257,kadapa explorer package,india,kadapa,,3star,breakfast dinner,train cab,gandikota fort kadapa local market kadapa city museum sunset view point heritage walk famous temple botanical garden riverfront photography spots,sightseeing local food tour photography,fort,historical,4.5,35999
IND0258,puttaparthi explorer package,india,puttaparthi,,luxury heritage,breakfast dinner,flight cab,prasanthi nilayam puttaparthi local market puttaparthi city museum sunset view point heritage walk famous temple botanical garden riverfront photography spots,sightseeing local food tour photography,spiritual center,religious,4.7,35999
IND0259,vizianagaram explorer package,india,vizianagaram,,5star,breakfast dinner,private cab,simhachalam temple vizianagaram local market vizianagaram city museum sunset view point heritage walk famous temple botanical garden riverfront photography spots,sightseeing local food tour photography,temple,religious,4.7,18999
IND0260,visakhapatnam explorer package,india,visakhapatnam,,5star,breakfast,ac coach,kailasagiri visakhapatnam local market visakhapatnam city museum sunset view point heritage walk famous temple botanical garden riverfront photography spots,sightseeing local food tour photography,hill,recreational,4.5,30999
IND0261,visakhapatnam explorer package,india,visakhapatnam,,3star,breakfast,flight cab,submarine museum visakhapatnam local market visakhapatnam city museum sunset view point heritage walk famous temple botanical garden riverfront photography spots,sightseeing local food tour photography,museum,historical,4.6,29999
IND0262,visakhapatnam explorer package,india,visakhapatnam,,5star,breakfast dinner,flight cab,borra caves visakhapatnam local market visakhapatnam city museum sunset view point heritage walk famous temple botanical garden riverfront photography spots,sightseeing local food tour photography,cave,natural wonder,4.5,20999
IND0263,visakhapatnam explorer package,india,visakhapatnam,,luxury heritage,breakfast lunch dinner,train cab,war memorial visakhapatnam local market visakhapatnam city museum sunset view point heritage walk famous temple botanical garden riverfront photography spots,sightseeing local food tour photography,war memorial,historical,4.6,14999
IND0264,visakhapatnam explorer package,india,visakhapatnam,,luxury heritage,breakfast lunch dinner,ac coach,indira gandhi zoological park visakhapatnam local market visakhapatnam city museum sunset view point heritage walk famous temple botanical garden riverfront photography spots,sightseeing local food tour photography,zoo,wildlife,4.1,20999
IND0265,visakhapatnam explorer package,india,visakhapatnam,,3star,breakfast dinner,private cab,matsyadarshini aquarium visakhapatnam local market visakhapatnam city museum sunset view point heritage walk famous temple botanical garden riverfront photography spots,sightseeing local food tour photography,aquarium,recreational,3.8,39999
IND0266,visakhapatnam explorer package,india,visakhapatnam,,luxury heritage,breakfast,flight cab,visakha museum visakhapatnam local market visakhapatnam city museum sunset view point heritage walk famous temple botanical garden riverfront photography spots,sightseeing local food tour photography,museum,cultural,4.3,29999
IND0267,gangtok explorer package,india,gangtok,,luxury heritage,breakfast lunch dinner,train cab,nathula pass gangtok local market gangtok city museum sunset view point heritage walk famous temple botanical garden riverfront photography spots,sightseeing local food tour photography,hill,historical,4.3,41999
IND0268,pelling explorer package,india,pelling,,luxury heritage,breakfast,flight cab,pemayangtse monastery pelling local market pelling city museum sunset view point heritage walk famous temple botanical garden riverfront photography spots,sightseeing local food tour photography,monastery,religious,4.6,24999
IND0269,namchi explorer package,india,namchi,,5star,breakfast,train cab,char dham namchi local market namchi city museum sunset view point heritage walk famous temple botanical garden riverfront photography spots,sightseeing local food tour photography,religious complex,religious,4.7,24999
IND0270,gangtok explorer package,india,gangtok,,luxury heritage,breakfast lunch dinner,train cab,rumtek monastery gangtok local market gangtok city museum sunset view point heritage walk famous temple botanical garden riverfront photography spots,sightseeing local food tour photography,monastery,religious,4.6,16999
IND0271,ravangla explorer package,india,ravangla,,luxury heritage,breakfast dinner,flight cab,buddha park ravangla local market ravangla city museum sunset view point heritage walk famous temple botanical garden riverfront photography spots,sightseeing local food tour photography,park,cultural,4.8,35999
IND0272,gangtok explorer package,india,gangtok,,4star,breakfast,private cab,baba harbhajan singh temple gangtok local market gangtok city museum sunset view point heritage walk famous temple botanical garden riverfront photography spots,sightseeing local food tour photography,temple,religious,4.7,22999
IND0273,gangtok explorer package,india,gangtok,,5star,breakfast dinner,ac coach,tsomgo lake gangtok local market gangtok city museum sunset view point heritage walk famous temple botanical garden riverfront photography spots,sightseeing local food tour photography,lake,nature,4.5,37999
IND0274,guwahati explorer package,india,guwahati,,4star,breakfast dinner,ac coach,kamakhya temple guwahati local market guwahati city museum sunset view point heritage walk famous temple botanical garden riverfront photography spots,sightseeing local food tour photography,temple,religious,4.6,18999
IND0275,kaziranga explorer package,india,kaziranga,,3star,breakfast,train cab,kaziranga national park kaziranga local market kaziranga city museum sunset view point heritage walk famous temple botanical garden riverfront photography spots,sightseeing local food tour photography,national park,wildlife,4.5,20999
IND0276,guwahati explorer package,india,guwahati,,5star,breakfast lunch dinner,flight cab,umananda island guwahati local market guwahati city museum sunset view point heritage walk famous temple botanical garden riverfront photography spots,sightseeing local food tour photography,island,nature,4.1,35999
IND0277,sivasagar explorer package,india,sivasagar,,3star,breakfast dinner,train cab,sivasagar sivadol sivasagar local market sivasagar city museum sunset view point heritage walk famous temple botanical garden riverfront photography spots,sightseeing local food tour photography,temple,historical,4.7,24999
IND0278,majuli explorer package,india,majuli,,3star,breakfast dinner,private cab,majuli island majuli local market majuli city museum sunset view point heritage walk famous temple botanical garden riverfront photography spots,sightseeing local food tour photography,river island,cultural,4.7,28999
IND0279,manas explorer package,india,manas,,luxury heritage,breakfast,private cab,manas national park manas local market manas city museum sunset view point heritage walk famous temple botanical garden riverfront photography spots,sightseeing local food tour photography,national park,wildlife,4.6,30999
IND0280,hajo explorer package,india,hajo,,3star,breakfast lunch dinner,private cab,hayagriva madhava temple hajo local market hajo city museum sunset view point heritage walk famous temple botanical garden riverfront photography spots,sightseeing local food tour photography,temple,religious,4.5,28999
IND0281,guwahati explorer package,india,guwahati,,luxury heritage,breakfast lunch dinner,private cab,pobitora wildlife sanctuary guwahati local market guwahati city museum sunset view point heritage walk famous temple botanical garden riverfront photography spots,sightseeing local food tour photography,wildlife sanctuary,wildlife,4.4,41999
IND0282,tawang explorer package,india,tawang,,5star,breakfast lunch dinner,train cab,tawang monastery tawang local market tawang city museum sunset view point heritage walk famous temple botanical garden riverfront photography spots,sightseeing local food tour photography,monastery,religious,4.7,31999
IND0283,agartala explorer package,india,agartala,,3star,breakfast dinner,private cab,ujjayanta palace agartala local market agartala city museum sunset view point heritage walk famous temple botanical garden riverfront photography spots,sightseeing local food tour photography,palace,historical,4.5,37999
IND0284,dumboor explorer package,india,dumboor,,4star,breakfast,ac coach,dumboor lake dumboor local market dumboor city museum sunset view point heritage walk famous temple botanical garden riverfront photography spots,sightseeing local food tour photography,lake,nature,4.5,24999
IND0285,unakoti explorer package,india,unakoti,,4star,breakfast dinner,flight cab,unakoti rock carvings unakoti local market unakoti city museum sunset view point heritage walk famous temple botanical garden riverfront photography spots,sightseeing local food tour photography,rock carvings,historical,4.5,35999
IND0286,bastar explorer package,india,bastar,,luxury heritage,breakfast dinner,private cab,chitrakote falls bastar local market bastar city museum sunset view point heritage walk famous temple botanical garden riverfront photography spots,sightseeing local food tour photography,waterfall,nature,4.6,30999
IND0287,dzkou valley explorer package,india,dzkou valley,,5star,breakfast,train cab,dzkou valley dzkou valley local market dzkou valley city museum sunset view point heritage walk famous temple botanical garden riverfront photography spots,sightseeing local food tour photography,valley,trekking,4.7,24999
IND0288,puducherry explorer package,india,puducherry,,4star,breakfast dinner,private cab,promenade beach puducherry local market puducherry city museum sunset view point heritage walk famous temple botanical garden riverfront photography spots,water sports beach walk sunset cruise,beach,recreational,4.5,28999
IND0289,auroville explorer package,india,auroville,,5star,breakfast dinner,train cab,auroville auroville local market auroville city museum sunset view point heritage walk famous temple botanical garden riverfront photography spots,sightseeing local food tour photography,township,cultural,4.1,37999
IND0290,puducherry explorer package,india,puducherry,,5star,breakfast lunch dinner,train cab,paradise beach puducherry local market puducherry city museum sunset view point heritage walk famous temple botanical garden riverfront photography spots,water sports beach walk sunset cruise,beach,recreational,4.5,18999
IND0291,port blair explorer package,india,port blair,,3star,breakfast lunch dinner,train cab,cellular jail port blair local market port blair city museum sunset view point heritage walk famous temple botanical garden riverfront photography spots,sightseeing local food tour photography,landmark,historical,4.7,26999
IND0292,havelock island explorer package,india,havelock island,,3star,breakfast dinner,flight cab,radhanagar beach havelock island local market havelock island city museum sunset view point heritage walk famous temple botanical garden riverfront photography spots,water sports beach walk sunset cruise,beach,nature,4.8,39999
IND0293,neil island explorer package,india,neil island,,5star,breakfast dinner,ac coach,bharatpur beach neil island local market neil island city museum sunset view point heritage walk famous temple botanical garden riverfront photography spots,water sports beach walk sunset cruise,beach,nature,4.5,20999
IND0294,baratang island explorer package,india,baratang island,,4star,breakfast,flight cab,limestone caves baratang island local market baratang island city museum sunset view point heritage walk famous temple botanical garden riverfront photography spots,sightseeing local food tour photography,natural feature,nature,4.4,20999
IND0295,diu explorer package,india,diu,,5star,breakfast lunch dinner,ac coach,naida caves diu local market diu city museum sunset view point heritage walk famous temple botanical garden riverfront photography spots,sightseeing local food tour photography,cave,nature,4.5,14999
IND0296,diu explorer package,india,diu,,4star,breakfast,ac coach,diu fort diu local market diu city museum sunset view point heritage walk famous temple botanical garden riverfront photography spots,sightseeing local food tour photography,fort,historical,4.6,41999
IND0297,deoghar explorer package,india,deoghar,,luxury heritage,breakfast,train cab,baba baidyanath temple deoghar local market deoghar city museum sunset view point heritage walk famous temple botanical garden riverfront photography spots,sightseeing local food tour photography,temple,religious,4.7,37999
IND0298,ranchi explorer package,india,ranchi,,luxury heritage,breakfast lunch dinner,flight cab,pahari mandir ranchi local market ranchi city museum sunset view point heritage walk famous temple botanical garden riverfront photography spots,sightseeing local food tour photography,temple,religious,4.6,26999
IND0299,bodh gaya explorer package,india,bodh gaya,,4star,breakfast dinner,train cab,mahabodhi temple bodh gaya local market bodh gaya city museum sunset view point heritage walk famous temple botanical garden riverfront photography spots,sightseeing local food tour photography,temple,religious,4.7,31999
IND0300,patna explorer package,india,patna,,luxury heritage,breakfast dinner,flight cab,sanjay gandhi biological park patna local market patna city museum sunset view point heritage walk famous temple botanical garden riverfront photography spots,sightseeing local food tour photography,zoo,wildlife,4.3,22999
IND0301,patna explorer package,india,patna,,4star,breakfast,ac coach,takhat shri harimandir ji patna sahib patna local market patna city museum sunset view point heritage walk famous temple botanical garden riverfront photography spots,sightseeing local food tour photography,gurudwara,religious,4.7,35999
IND0302,patna explorer package,india,patna,,luxury heritage,breakfast dinner,private cab,budhha smriti park patna local market patna city museum sunset view point heritage walk famous temple botanical garden riverfront photography spots,sightseeing local food tour photography,park,cultural,4.4,24999
IND0303,gurugram explorer package,india,gurugram,,5star,breakfast,ac coach,kingdom of dreams gurugram local market gurugram city museum sunset view point heritage walk famous temple botanical garden riverfront photography spots,sightseeing local food tour photography,entertainment,entertainment,4.4,35999
IND0304,gurugram explorer package,india,gurugram,,4star,breakfast dinner,private cab,ambience mall gurugram local market gurugram city museum sunset view point heritage walk famous temple botanical garden riverfront photography spots,sightseeing local food tour photography,mall,shopping,4.6,30999
IND0305,gurugram explorer package,india,gurugram,,5star,breakfast,train cab,dlf cyberhub gurugram local market gurugram city museum sunset view point heritage walk famous temple botanical garden riverfront photography spots,sightseeing local food tour photography,commercial complex,entertainment,4.7,24999
IND0306,new delhi explorer package,india,new delhi,,5star,breakfast,train cab,gurudwara bangla sahib new delhi local market new delhi city museum sunset view point heritage walk famous temple botanical garden riverfront photography spots,sightseeing local food tour photography,gurudwara,religious,4.8,20999
IND0307,kedarnath explorer package,india,kedarnath,,4star,breakfast,flight cab,kedarnath kedarnath local market kedarnath city museum sunset view point heritage walk famous temple botanical garden riverfront photography spots,sightseeing local food tour photography,temple,religious,4.8,18999
IND0308,noida explorer package,india,noida,,4star,breakfast,private cab,dlf mall of india noida local market noida city museum sunset view point heritage walk famous temple botanical garden riverfront photography spots,sightseeing local food tour photography,mall,shopping,4.6,18999
IND0309,greater noida explorer package,india,greater noida,,4star,breakfast lunch dinner,train cab,the grand venice mall greater noida local market greater noida city museum sunset view point heritage walk famous temple botanical garden riverfront photography spots,sightseeing local food tour photography,mall,shopping,4.2,30999
IND0310,bengaluru explorer package,india,bengaluru,,3star,breakfast,flight cab,wonderla amusement park bengaluru local market bengaluru city museum sunset view point heritage walk famous temple botanical garden riverfront photography spots,sightseeing local food tour photography,amusement park,entertainment,4.5,29999
IND0311,bhubaneswar explorer package,india,bhubaneswar,,luxury heritage,breakfast,flight cab,nandankanan zoological park bhubaneswar local market bhubaneswar city museum sunset view point heritage walk famous temple botanical garden riverfront photography spots,sightseeing local food tour photography,zoo,wildlife,4.4,20999
IND0312,bengaluru explorer package,india,bengaluru,,3star,breakfast,ac coach,orion mall bengaluru local market bengaluru city museum sunset view point heritage walk famous temple botanical garden riverfront photography spots,sightseeing local food tour photography,mall,shopping,4.5,22999
IND0313,hyderabad explorer package,india,hyderabad,,3star,breakfast,train cab,inorbit mall cyberabad hyderabad local market hyderabad city museum sunset view point heritage walk famous temple botanical garden riverfront photography spots,sightseeing local food tour photography,mall,shopping,4.5,35999
IND0314,new delhi explorer package,india,new delhi,,4star,breakfast lunch dinner,ac coach,jama masjid new delhi local market new delhi city museum sunset view point heritage walk famous temple botanical garden riverfront photography spots,sightseeing local food tour photography,mosque,historical,4.5,35999
IND0315,rameswaram explorer package,india,rameswaram,,3star,breakfast lunch dinner,flight cab,ramanathaswamy temple rameswaram local market rameswaram city museum sunset view point heritage walk famous temple botanical garden riverfront photography spots,sightseeing local food tour photography,temple,religious,4.7,30999
IND0316,greater noida explorer package,india,greater noida,,4star,breakfast lunch dinner,private cab,buddh international circuit greater noida local market greater noida city museum sunset view point heritage walk famous temple botanical garden riverfront photography spots,sightseeing local food tour photography,race track,sports,4.6,24999
IND0317,lucknow explorer package,india,lucknow,,3star,breakfast lunch dinner,private cab,phoenix palassio lucknow local market lucknow city museum sunset view point heritage walk famous temple botanical garden riverfront photography spots,sightseeing local food tour photography,mall,shopping,4.6,39999
IND0318,kochi explorer package,india,kochi,,3star,breakfast lunch dinner,train cab,lulu international shopping mall kochi local market kochi city museum sunset view point heritage walk famous temple botanical garden riverfront photography spots,sightseeing local food tour photography,mall,shopping,4.6,35999
IND0319,new delhi explorer package,india,new delhi,,3star,breakfast dinner,private cab,rail museum new delhi local market new delhi city museum sunset view point heritage walk famous temple botanical garden riverfront photography spots,sightseeing local food tour photography,museum,cultural,4.4,28999
IND0320,cherrapunji explorer package,india,cherrapunji,,3star,breakfast lunch dinner,flight cab,living root bridge cherrapunji local market cherrapunji city museum sunset view point heritage walk famous temple botanical garden riverfront photography spots,sightseeing local food tour photography,natural feature,nature,4.6,26999
IND0321,gandhinagar explorer package,india,gandhinagar,,5star,breakfast lunch dinner,flight cab,akshardham gandhinagar local market gandhinagar city museum sunset view point heritage walk famous temple botanical garden riverfront photography spots,sightseeing local food tour photography,temple,religious,4.6,18999
IND0322,agra explorer package,india,agra,,luxury heritage,breakfast lunch dinner,ac coach,agra fort agra local market agra city museum sunset view point heritage walk famous temple botanical garden riverfront photography spots,sightseeing local food tour photography,fort,historical,4.5,24999
IND0323,bhopal explorer package,india,bhopal,,luxury heritage,breakfast,flight cab,madhya pradesh tribal museum bhopal local market bhopal city museum sunset view point heritage walk famous temple botanical garden riverfront photography spots,sightseeing local food tour photography,museum,cultural,4.7,18999
IND0324,jaipur explorer package,india,jaipur,,4star,breakfast,flight cab,city palace jaipur local market jaipur city museum sunset view point heritage walk famous temple botanical garden riverfront photography spots,sightseeing local food tour photography,palace,historical,4.4,18999
IND0325,jaipur explorer package,india,jaipur,,luxury heritage,breakfast dinner,private cab,albert hall museum jaipur local market jaipur city museum sunset view point heritage walk famous temple botanical garden riverfront photography spots,sightseeing local food tour photography,museum,historical,4.5,30999
